"time","AraC","aTc","BFP","ara","TetR","cell"
0.0,0.0,0.0,0.0,0.0,0.0,1.0
1.0,0.1584329698995615,0.0,0.0,0.0,27.673307365912578,1.0
2.0,0.1241731927831452,0.0,0.0,0.0,40.73330046957189,1.0
3.0,0.09288701202177725,0.0,0.0,0.0,51.72866516976022,1.0
4.0,0.06945363585421427,0.0,0.0,0.0,60.05481603036462,1.0
5.0,0.05193666751304623,0.0,0.0,0.0,66.69584499231085,1.0
6.0,0.0388531837187202,0.0,0.0,0.0,72.1610247733588,1.0
7.0,0.029085063967915402,0.0,0.0,0.0,76.75388536355968,1.0
8.0,0.02179364297249431,0.0,0.0,0.0,80.67222688926478,1.0
9.0,0.016351350535698417,0.0,0.0,0.0,84.05318933762783,1.0
10.0,0.012289171430304587,0.0,0.0,0.0,86.99629413211031,1.0
11.0,0.009256848817478392,0.0,0.0,0.0,89.5763357815686,1.0
12.0,0.006992936604049682,0.0,0.0,0.0,91.85110293789484,1.0
13.0,0.005302339983305685,0.0,0.0,0.0,93.86625640510192,1.0
14.0,0.00403950499284512,0.0,0.0,0.0,95.65854674673315,1.0
15.0,0.003095851695975544,0.0,0.0,0.0,97.25801355627583,1.0
16.0,0.002390387297066746,0.0,0.0,0.0,98.68953431668481,1.0
17.0,0.0018626983784908438,0.0,0.0,0.0,99.97394338180754,1.0
18.0,0.001467721267601239,0.0,0.0,0.0,101.12885839532306,1.0
19.0,0.0011718404119790708,0.0,0.0,0.0,102.16930248720564,1.0
20.0,9.499780890394868E-4,0.0,0.0,0.0,103.10818071537146,1.0
21.0,7.834238628676727E-4,0.0,0.0,0.0,103.95665042385083,1.0
22.0,6.582159065515048E-4,0.0,0.0,0.0,104.72441303386108,1.0
23.0,5.639339483984441E-4,0.0,0.0,0.0,105.41994673110689,1.0
24.0,4.927991966311834E-4,0.0,0.0,0.0,106.05069406054288,1.0
25.0,4.390031781177997E-4,0.0,0.0,0.0,106.62321467622219,1.0
26.0,3.9820726680215863E-4,0.0,0.0,0.0,107.14331084979004,1.0
27.0,3.671694813161242E-4,0.0,0.0,0.0,107.61613145379802,1.0
28.0,3.4346617446808067E-4,0.0,0.0,0.0,108.04625876902674,1.0
29.0,3.252844736732772E-4,0.0,0.0,0.0,108.43778146166474,1.0
30.0,3.1126747346380397E-4,0.0,0.0,0.0,108.79435633068007,1.0
31.0,3.0039876102872014E-4,0.0,0.0,0.0,109.11926086549919,1.0
32.0,2.9191627038425814E-4,0.0,0.0,0.0,109.4154382286962,1.0
33.0,2.8524800654630667E-4,0.0,0.0,0.0,109.68553595219936,1.0
34.0,2.7996407898764374E-4,0.0,0.0,0.0,109.93193938313426,1.0
35.0,2.7574089854657277E-4,0.0,0.0,0.0,110.15680071848443,1.0
36.0,2.7233444673072056E-4,0.0,0.0,0.0,110.36206431285906,1.0
37.0,2.6956031268093124E-4,0.0,0.0,0.0,110.54948882092653,1.0
38.0,2.67278779256607E-4,0.0,0.0,0.0,110.72066663814658,1.0
39.0,2.653836767170068E-4,0.0,0.0,0.0,110.87704102477598,1.0
40.0,2.637940482783062E-4,0.0,0.0,0.0,111.01992123455015,1.0
41.0,2.624479147321955E-4,0.0,0.0,0.0,111.15049591775606,1.0
42.0,2.6129760642034825E-4,0.0,0.0,0.0,111.26984502615113,1.0
43.0,2.603062658998817E-4,0.0,0.0,0.0,111.37895041244114,1.0
44.0,2.5944522533300407E-4,0.0,0.0,0.0,111.47870528832844,1.0
45.0,2.586920377293275E-4,0.0,0.0,0.0,111.56992268130556,1.0
46.0,2.58028997176754E-4,0.0,0.0,0.0,111.65334301048809,1.0
47.0,2.5744202497281107E-4,0.0,0.0,0.0,111.72964088511688,1.0
48.0,2.5691982973297784E-4,0.0,0.0,0.0,111.79943121533674,1.0
49.0,2.564532728046716E-4,0.0,0.0,0.0,111.86327471300588,1.0
50.0,2.5603488766699485E-4,0.0,0.0,0.0,111.92168285023129,1.0
51.0,2.5565851494704526E-4,0.0,0.0,0.0,111.97512233475744,1.0
52.0,2.553190243518211E-4,0.0,0.0,0.0,112.02401915400716,1.0
53.0,2.550121020343424E-4,0.0,0.0,0.0,112.0687622332872,1.0
54.0,2.547340873053006E-4,0.0,0.0,0.0,112.10970674825431,1.0
55.0,2.544818466310091E-4,0.0,0.0,0.0,112.1471771270586,1.0
56.0,2.542526758704352E-4,0.0,0.0,0.0,112.18146977352485,1.0
57.0,2.5404422395657375E-4,0.0,0.0,0.0,112.21285553920418,1.0
58.0,2.5385443291279716E-4,0.0,0.0,0.0,112.2415819690523,1.0
59.0,2.53681490356596E-4,0.0,0.0,0.0,112.26787534279853,1.0
60.0,2.5352379158844206E-4,0.0,0.0,0.0,112.29194253170958,1.0
61.0,2.533799090723163E-4,0.0,0.0,0.0,112.31397268837517,1.0
62.0,2.5324856764637405E-4,0.0,0.0,0.0,112.33413878531331,1.0
63.0,2.531286242018909E-4,0.0,0.0,0.0,112.35259901657255,1.0
64.0,2.530190508692487E-4,0.0,0.0,0.0,112.36949807507841,1.0
65.0,2.5291892097621774E-4,0.0,0.0,0.0,112.3849683171959,1.0
66.0,2.5282739721466823E-4,0.0,0.0,0.0,112.39913082485043,1.0
67.0,2.5274372158106095E-4,0.0,0.0,0.0,112.41209637453792,1.0
68.0,2.526672067539675E-4,0.0,0.0,0.0,112.42396632165594,1.0
69.0,2.525972286462456E-4,0.0,0.0,0.0,112.43483340777992,1.0
70.0,2.5253321992615426E-4,0.0,0.0,0.0,112.44478249778749,1.0
71.0,2.5247466434503226E-4,0.0,0.0,0.0,112.45389125308364,1.0
72.0,2.524210917423918E-4,0.0,0.0,0.0,112.46223074659939,1.0
73.0,2.52372073624912E-4,0.0,0.0,0.0,112.46986602470903,1.0
74.0,2.523272192356588E-4,0.0,0.0,0.0,112.47685662074244,1.0
75.0,2.522861720453203E-4,0.0,0.0,0.0,112.48325702433665,1.0
76.0,2.5224860660934116E-4,0.0,0.0,0.0,112.48911711049276,1.0
77.0,2.522142257443986E-4,0.0,0.0,0.0,112.49448253184964,1.0
78.0,2.5218275798523734E-4,0.0,0.0,0.0,112.49939507737515,1.0
79.0,2.5215395528895484E-4,0.0,0.0,0.0,112.50389300038715,1.0
80.0,2.5212759095871604E-4,0.0,0.0,0.0,112.50801131855911,1.0
81.0,2.5210345776286277E-4,0.0,0.0,0.0,112.51178208833056,1.0
82.0,2.5208136622865014E-4,0.0,0.0,0.0,112.51523465592803,1.0
83.0,2.520611430925377E-4,0.0,0.0,0.0,112.51839588700854,1.0
84.0,2.5204262989123093E-4,0.0,0.0,0.0,112.5212903767632,1.0
85.0,2.520256816795489E-4,0.0,0.0,0.0,112.52394064215581,1.0
86.0,2.520101658628281E-4,0.0,0.0,0.0,112.52636729782728,1.0
87.0,2.5199596113292203E-4,0.0,0.0,0.0,112.52858921706247,1.0
88.0,2.519829564980683E-4,0.0,0.0,0.0,112.53062367909621,1.0
89.0,2.5197105039790187E-4,0.0,0.0,0.0,112.53248650392449,1.0
90.0,2.5196014989580206E-4,0.0,0.0,0.0,112.53419217568549,1.0
91.0,2.519501699415438E-4,0.0,0.0,0.0,112.53575395558518,1.0
92.0,2.51941032697912E-4,0.0,0.0,0.0,112.5371839852565,1.0
93.0,2.5193266692556465E-4,0.0,0.0,0.0,112.53849338136585,1.0
94.0,2.519250074209589E-4,0.0,0.0,0.0,112.53969232221156,1.0
95.0,2.519179945026566E-4,0.0,0.0,0.0,112.54079012699361,1.0
96.0,2.5191157354175387E-4,0.0,0.0,0.0,112.5417953283773,1.0
97.0,2.519056945325693E-4,0.0,0.0,0.0,112.54271573891884,1.0
98.0,2.519003117000828E-4,0.0,0.0,0.0,112.54355851187498,1.0
99.0,2.5189538314092965E-4,0.0,0.0,0.0,112.54433019687144,1.0
100.0,2.5189087049504383E-4,0.0,0.0,0.0,112.54503679086565,1.0
101.0,2.518867386452981E-4,0.0,0.0,0.0,112.5456837848034,1.0
102.0,2.5188295544273327E-4,0.0,0.0,0.0,112.54627620633286,1.0
103.0,2.5187949145517066E-4,0.0,0.0,0.0,112.54681865890991,1.0
104.0,2.5187631973720096E-4,0.0,0.0,0.0,112.54731535760124,1.0
105.0,2.518734156197184E-4,0.0,0.0,0.0,112.54777016186218,1.0
106.0,2.5187075651732596E-4,0.0,0.0,0.0,112.54818660554767,1.0
107.0,2.518683217520859E-4,0.0,0.0,0.0,112.54856792438868,1.0
108.0,2.518660923922177E-4,0.0,0.0,0.0,112.54891708114862,1.0
109.0,2.5186405110447143E-4,0.0,0.0,0.0,112.54923678865639,1.0
110.0,2.5186218201900983E-4,0.0,0.0,0.0,112.54952953089486,1.0
111.0,2.5186047060573495E-4,0.0,0.0,0.0,112.54979758230903,1.0
112.0,2.5185890356108645E-4,0.0,0.0,0.0,112.55004302548498,1.0
113.0,2.5185746870442095E-4,0.0,0.0,0.0,112.55026776733665,1.0
114.0,2.518561548831597E-4,0.0,0.0,0.0,112.55047355392618,1.0
115.0,2.5185495188595957E-4,0.0,0.0,0.0,112.55066198403404,1.0
116.0,2.518538503632269E-4,0.0,0.0,0.0,112.55083452158374,1.0
117.0,2.518528417543524E-4,0.0,0.0,0.0,112.55099250701836,1.0
118.0,2.5185191822109674E-4,0.0,0.0,0.0,112.55113716771707,1.0
119.0,2.518510725866056E-4,0.0,0.0,0.0,112.55126962753279,1.0
120.0,2.518502982795783E-4,0.0,0.0,0.0,112.55139091552479,1.0
121.0,2.5184958928315353E-4,0.0,0.0,0.0,112.55150197395545,1.0
122.0,2.5184894008811287E-4,0.0,0.0,0.0,112.55160366561121,1.0
123.0,2.518483456500373E-4,0.0,0.0,0.0,112.55169678050669,1.0
124.0,2.518478013500793E-4,0.0,0.0,0.0,112.5517820420231,1.0
125.0,2.518473029590523E-4,0.0,0.0,0.0,112.55186011252853,1.0
126.0,2.5184684660454706E-4,0.0,0.0,0.0,112.5519315985244,1.0
127.0,2.5184642874082806E-4,0.0,0.0,0.0,112.55199705535787,1.0
128.0,2.518460461212691E-4,0.0,0.0,0.0,112.55205699153618,1.0
129.0,2.518456957731161E-4,0.0,0.0,0.0,112.55211187267761,1.0
130.0,2.5184537497438065E-4,0.0,0.0,0.0,112.55216212512916,1.0
131.0,2.518450812326831E-4,0.0,0.0,0.0,112.55220813927866,1.0
132.0,2.518448122658814E-4,0.0,0.0,0.0,112.55225027258784,1.0
133.0,2.5184456598433474E-4,0.0,0.0,0.0,112.55228885236924,1.0
134.0,2.518443404746639E-4,0.0,0.0,0.0,112.55232417832964,1.0
135.0,2.518441339848816E-4,0.0,0.0,0.0,112.55235652489783,1.0
136.0,2.518439449107784E-4,0.0,0.0,0.0,112.55238614335698,1.0
137.0,2.5184377178345536E-4,0.0,0.0,0.0,112.55241326379682,1.0
138.0,2.518436132579112E-4,0.0,0.0,0.0,112.55243809690103,1.0
139.0,2.518434681025908E-4,0.0,0.0,0.0,112.55246083558399,1.0
140.0,2.518433351898153E-4,0.0,0.0,0.0,112.55248165648956,1.0
141.0,2.518432134870204E-4,0.0,0.0,0.0,112.55250072136329,1.0
142.0,2.51843102048733E-4,0.0,0.0,0.0,112.55251817830904,1.0
143.0,2.518430000092255E-4,0.0,0.0,0.0,112.55253416293964,1.0
144.0,2.51842906575789E-4,0.0,0.0,0.0,112.55254879942999,1.0
145.0,2.518428210225747E-4,0.0,0.0,0.0,112.55256220148216,1.0
146.0,2.5184274268495423E-4,0.0,0.0,0.0,112.55257447320865,1.0
147.0,2.518426709543557E-4,0.0,0.0,0.0,112.552585709941,1.0
148.0,2.518426052735361E-4,0.0,0.0,0.0,112.55259599897049,1.0
149.0,2.5184254513225147E-4,0.0,0.0,0.0,112.55260542022627,1.0
150.0,2.5184249006329285E-4,0.0,0.0,0.0,112.55261404689614,1.0
151.0,2.5184243963885695E-4,0.0,0.0,0.0,112.55262194599541,1.0
152.0,2.5184239346722143E-4,0.0,0.0,0.0,112.55262917888719,1.0
153.0,2.5184235118970325E-4,0.0,0.0,0.0,112.55263580175927,1.0
154.0,2.518423124778708E-4,0.0,0.0,0.0,112.55264186606053,1.0
155.0,2.5184227703099244E-4,0.0,0.0,0.0,112.55264741890078,1.0
156.0,2.518422445737012E-4,0.0,0.0,0.0,112.55265250341647,1.0
157.0,2.518422148538546E-4,0.0,0.0,0.0,112.55265715910586,1.0
158.0,2.5184218764057604E-4,0.0,0.0,0.0,112.55266142213611,1.0
159.0,2.5184216272246084E-4,0.0,0.0,0.0,112.55266532562396,1.0
160.0,2.5184213990593553E-4,0.0,0.0,0.0,112.55266889989302,1.0
161.0,2.5184211901375133E-4,0.0,0.0,0.0,112.55267217270963,1.0
162.0,2.5184209988360947E-4,0.0,0.0,0.0,112.55267516949814,1.0
163.0,2.5184208236689917E-4,0.0,0.0,0.0,112.5526779135387,1.0
164.0,2.5184206632754394E-4,0.0,0.0,0.0,112.55268042614782,1.0
165.0,2.51842051640944E-4,0.0,0.0,0.0,112.55268272684451,1.0
166.0,2.518420381930075E-4,0.0,0.0,0.0,112.55268483350136,1.0
167.0,2.5184202587926613E-4,0.0,0.0,0.0,112.55268676248359,1.0
168.0,2.518420146040619E-4,0.0,0.0,0.0,112.55268852877623,1.0
169.0,2.518420042798051E-4,0.0,0.0,0.0,112.55269014610046,1.0
170.0,2.5184199482629273E-4,0.0,0.0,0.0,112.55269162702022,1.0
171.0,2.518419861700868E-4,0.0,0.0,0.0,112.55269298303975,1.0
172.0,2.5184197824394195E-4,0.0,0.0,0.0,112.55269422469317,1.0
173.0,2.518419709862856E-4,0.0,0.0,0.0,112.55269536162605,1.0
174.0,2.5184196434073746E-4,0.0,0.0,0.0,112.55269640267046,1.0
175.0,2.5184195825567245E-4,0.0,0.0,0.0,112.5526973559136,1.0
176.0,2.5184195268381973E-4,0.0,0.0,0.0,112.55269822876058,1.0
177.0,2.5184194758189526E-4,0.0,0.0,0.0,112.55269902799202,1.0
178.0,2.5184194291026516E-4,0.0,0.0,0.0,112.55269975981662,1.0
179.0,2.518419386326382E-4,0.0,0.0,0.0,112.55270042991941,1.0
180.0,2.5184193471578485E-4,0.0,0.0,0.0,112.55270104350602,1.0
181.0,2.5184193112927746E-4,0.0,0.0,0.0,112.55270160534299,1.0
182.0,2.5184192784525494E-4,0.0,0.0,0.0,112.55270211979487,1.0
183.0,2.518419248382054E-4,0.0,0.0,0.0,112.55270259085815,1.0
184.0,2.5184192208476926E-4,0.0,0.0,0.0,112.55270302219212,1.0
185.0,2.518419195635566E-4,0.0,0.0,0.0,112.55270341714753,1.0
186.0,2.51841917254982E-4,0.0,0.0,0.0,112.55270377879256,1.0
187.0,2.518419151411117E-4,0.0,0.0,0.0,112.55270410993657,1.0
188.0,2.5184191320552464E-4,0.0,0.0,0.0,112.55270441315206,1.0
189.0,2.5184191143318407E-4,0.0,0.0,0.0,112.55270469079449,1.0
190.0,2.5184190981032223E-4,0.0,0.0,0.0,112.55270494502066,1.0
191.0,2.518419083243318E-4,0.0,0.0,0.0,112.55270517780552,1.0
192.0,2.5184190696366887E-4,0.0,0.0,0.0,112.55270539095744,1.0
193.0,2.5184190571776396E-4,0.0,0.0,0.0,112.55270558613212,1.0
194.0,2.5184190457693814E-4,0.0,0.0,0.0,112.55270576484591,1.0
195.0,2.5184190353232913E-4,0.0,0.0,0.0,112.55270592848706,1.0
196.0,2.5184190257582207E-4,0.0,0.0,0.0,112.55270607832676,1.0
197.0,2.518419016999863E-4,0.0,0.0,0.0,112.55270621552906,1.0
198.0,2.5184190089801834E-4,0.0,0.0,0.0,112.55270634115976,1.0
199.0,2.5184190016368794E-4,0.0,0.0,0.0,112.55270645619481,1.0
200.0,2.518418994912906E-4,0.0,0.0,0.0,112.55270656152786,1.0
201.0,2.5184189887560306E-4,0.0,0.0,0.0,112.5527066579772,1.0
202.0,2.518418983118421E-4,0.0,0.0,0.0,112.55270674629202,1.0
203.0,2.5184189779562863E-4,0.0,0.0,0.0,112.55270682715843,1.0
204.0,2.518418973229526E-4,0.0,0.0,0.0,112.55270690120459,1.0
205.0,2.5184189689014157E-4,0.0,0.0,0.0,112.55270696900574,1.0
206.0,2.5184189649383364E-4,0.0,0.0,0.0,112.55270703108853,1.0
207.0,2.518418961309503E-4,0.0,0.0,0.0,112.55270708793535,1.0
208.0,2.518418957986723E-4,0.0,0.0,0.0,112.55270713998772,1.0
209.0,2.518418954944183E-4,0.0,0.0,0.0,112.55270718765001,1.0
210.0,2.518418952158253E-4,0.0,0.0,0.0,112.5527072312924,1.0
211.0,2.5184189496072845E-4,0.0,0.0,0.0,112.55270727125409,1.0
212.0,2.5184189472714653E-4,0.0,0.0,0.0,112.55270730784535,1.0
213.0,2.518418945132649E-4,0.0,0.0,0.0,112.55270734135053,1.0
214.0,2.518418943174217E-4,0.0,0.0,0.0,112.55270737202994,1.0
215.0,2.518418941380961E-4,0.0,0.0,0.0,112.55270740012185,1.0
216.0,2.5184189397389436E-4,0.0,0.0,0.0,112.5527074258445,1.0
217.0,2.5184189382354165E-4,0.0,0.0,0.0,112.55270744939776,1.0
218.0,2.5184189368586955E-4,0.0,0.0,0.0,112.55270747096452,1.0
219.0,2.518418935598088E-4,0.0,0.0,0.0,112.55270749071234,1.0
220.0,2.518418934443798E-4,0.0,0.0,0.0,112.55270750879461,1.0
221.0,2.5184189333868606E-4,0.0,0.0,0.0,112.55270752535185,1.0
222.0,2.5184189324190665E-4,0.0,0.0,0.0,112.5527075405126,1.0
223.0,2.518418931532895E-4,0.0,0.0,0.0,112.55270755439471,1.0
224.0,2.518418930721465E-4,0.0,0.0,0.0,112.55270756710604,1.0
225.0,2.5184189299784683E-4,0.0,0.0,0.0,112.55270757874534,1.0
226.0,2.518418929298137E-4,0.0,0.0,0.0,112.55270758940296,1.0
227.0,2.518418928675183E-4,0.0,0.0,0.0,112.55270759916168,1.0
228.0,2.5184189281047696E-4,0.0,0.0,0.0,112.55270760809744,1.0
229.0,2.5184189275824617E-4,0.0,0.0,0.0,112.5527076162795,1.0
230.0,2.5184189271042055E-4,0.0,0.0,0.0,112.55270762377155,1.0
231.0,2.518418926666287E-4,0.0,0.0,0.0,112.55270763063169,1.0
232.0,2.5184189262652997E-4,0.0,0.0,0.0,112.55270763691325,1.0
233.0,2.518418925898133E-4,0.0,0.0,0.0,112.55270764266503,1.0
234.0,2.518418925561933E-4,0.0,0.0,0.0,112.55270764793171,1.0
235.0,2.5184189252540904E-4,0.0,0.0,0.0,112.55270765275414,1.0
236.0,2.5184189249722114E-4,0.0,0.0,0.0,112.55270765716993,1.0
237.0,2.518418924714102E-4,0.0,0.0,0.0,112.55270766121326,1.0
238.0,2.5184189244777626E-4,0.0,0.0,0.0,112.55270766491559,1.0
239.0,2.5184189242613564E-4,0.0,0.0,0.0,112.55270766830562,1.0
240.0,2.5184189240632005E-4,0.0,0.0,0.0,112.5527076714098,1.0
241.0,2.518418923881759E-4,0.0,0.0,0.0,112.55270767425215,1.0
242.0,2.518418923715619E-4,0.0,0.0,0.0,112.5527076768547,1.0
243.0,2.518418923563495E-4,0.0,0.0,0.0,112.55270767923778,1.0
244.0,2.5184189234242E-4,0.0,0.0,0.0,112.55270768141986,1.0
245.0,2.518418923296652E-4,0.0,0.0,0.0,112.55270768341799,1.0
246.0,2.5184189231798615E-4,0.0,0.0,0.0,112.55270768524753,1.0
247.0,2.5184189230729206E-4,0.0,0.0,0.0,112.55270768692279,1.0
248.0,2.5184189229750004E-4,0.0,0.0,0.0,112.55270768845679,1.0
249.0,2.518418922885336E-4,0.0,0.0,0.0,112.55270768986136,1.0
250.0,2.518418922803235E-4,0.0,0.0,0.0,112.5527076911475,1.0
251.0,2.5184189227280587E-4,0.0,0.0,0.0,112.55270769232517,1.0
252.0,2.518418922659222E-4,0.0,0.0,0.0,112.5527076934035,1.0
253.0,2.518418922596192E-4,0.0,0.0,0.0,112.55270769439097,1.0
254.0,2.5184189225384773E-4,0.0,0.0,0.0,112.55270769529507,1.0
255.0,2.5184189224856316E-4,0.0,0.0,0.0,112.5527076961229,1.0
256.0,2.51841892243724E-4,0.0,0.0,0.0,112.55270769688093,1.0
257.0,2.518418922392932E-4,0.0,0.0,0.0,112.55270769757512,1.0
258.0,2.5184189223523593E-4,0.0,0.0,0.0,112.55270769821063,1.0
259.0,2.5184189223152097E-4,0.0,0.0,0.0,112.55270769879259,1.0
260.0,2.5184189222811923E-4,0.0,0.0,0.0,112.55270769932548,1.0
261.0,2.518418922250045E-4,0.0,0.0,0.0,112.55270769981342,1.0
262.0,2.5184189222215243E-4,0.0,0.0,0.0,112.55270770026024,1.0
263.0,2.518418922195407E-4,0.0,0.0,0.0,112.55270770066932,1.0
264.0,2.518418922171496E-4,0.0,0.0,0.0,112.55270770104389,1.0
265.0,2.518418922149602E-4,0.0,0.0,0.0,112.55270770138686,1.0
266.0,2.5184189221295515E-4,0.0,0.0,0.0,112.55270770170092,1.0
267.0,2.5184189221111965E-4,0.0,0.0,0.0,112.55270770198851,1.0
268.0,2.518418922094388E-4,0.0,0.0,0.0,112.55270770225188,1.0
269.0,2.518418922078994E-4,0.0,0.0,0.0,112.55270770249302,1.0
270.0,2.5184189220649016E-4,0.0,0.0,0.0,112.55270770271383,1.0
271.0,2.518418922051997E-4,0.0,0.0,0.0,112.55270770291604,1.0
272.0,2.5184189220401774E-4,0.0,0.0,0.0,112.55270770310118,1.0
273.0,2.5184189220293555E-4,0.0,0.0,0.0,112.55270770327077,1.0
274.0,2.5184189220194426E-4,0.0,0.0,0.0,112.552707703426,1.0
275.0,2.5184189220103694E-4,0.0,0.0,0.0,112.55270770356809,1.0
276.0,2.518418922002062E-4,0.0,0.0,0.0,112.55270770369819,1.0
277.0,2.518418921994454E-4,0.0,0.0,0.0,112.55270770381728,1.0
278.0,2.51841892198749E-4,0.0,0.0,0.0,112.55270770392634,1.0
279.0,2.5184189219811133E-4,0.0,0.0,0.0,112.5527077040262,1.0
280.0,2.5184189219752765E-4,0.0,0.0,0.0,112.55270770411768,1.0
281.0,2.5184189219699287E-4,0.0,0.0,0.0,112.55270770420137,1.0
282.0,2.5184189219650357E-4,0.0,0.0,0.0,112.55270770427815,1.0
283.0,2.5184189219605563E-4,0.0,0.0,0.0,112.55270770434835,1.0
284.0,2.5184189219564526E-4,0.0,0.0,0.0,112.55270770441264,1.0
285.0,2.5184189219526953E-4,0.0,0.0,0.0,112.55270770447154,1.0
286.0,2.518418921949253E-4,0.0,0.0,0.0,112.55270770452546,1.0
287.0,2.518418921946102E-4,0.0,0.0,0.0,112.55270770457487,1.0
288.0,2.5184189219432145E-4,0.0,0.0,0.0,112.55270770462012,1.0
289.0,2.518418921940572E-4,0.0,0.0,0.0,112.55270770466151,1.0
290.0,2.5184189219381497E-4,0.0,0.0,0.0,112.55270770469939,1.0
291.0,2.5184189219359335E-4,0.0,0.0,0.0,112.55270770473405,1.0
292.0,2.5184189219339045E-4,0.0,0.0,0.0,112.55270770476581,1.0
293.0,2.518418921932047E-4,0.0,0.0,0.0,112.55270770479488,1.0
294.0,2.5184189219303456E-4,0.0,0.0,0.0,112.55270770482153,1.0
295.0,2.5184189219287876E-4,0.0,0.0,0.0,112.55270770484589,1.0
296.0,2.518418921927364E-4,0.0,0.0,0.0,112.5527077048682,1.0
297.0,2.51841892192606E-4,0.0,0.0,0.0,112.55270770488863,1.0
298.0,2.518418921924868E-4,0.0,0.0,0.0,112.55270770490735,1.0
299.0,2.5184189219237737E-4,0.0,0.0,0.0,112.55270770492449,1.0
300.0,2.518418921922772E-4,0.0,0.0,0.0,112.55270770494022,1.0
301.0,2.518418921921857E-4,0.0,0.0,0.0,112.55270770495464,1.0
302.0,2.518418921921017E-4,0.0,0.0,0.0,112.55270770496784,1.0
303.0,2.518418921920246E-4,0.0,0.0,0.0,112.55270770497991,1.0
304.0,2.5184189219195393E-4,0.0,0.0,0.0,112.55270770499101,1.0
305.0,2.518418921918891E-4,0.0,0.0,0.0,112.55270770500114,1.0
306.0,2.518418921918298E-4,0.0,0.0,0.0,112.55270770501038,1.0
307.0,2.518418921917756E-4,0.0,0.0,0.0,112.55270770501888,1.0
308.0,2.5184189219172587E-4,0.0,0.0,0.0,112.55270770502658,1.0
309.0,2.518418921916804E-4,0.0,0.0,0.0,112.55270770503365,1.0
310.0,2.5184189219163875E-4,0.0,0.0,0.0,112.55270770504012,1.0
311.0,2.518418921916011E-4,0.0,0.0,0.0,112.55270770504602,1.0
312.0,2.5184189219156644E-4,0.0,0.0,0.0,112.55270770505143,1.0
313.0,2.518418921915347E-4,0.0,0.0,0.0,112.55270770505645,1.0
314.0,2.518418921915056E-4,0.0,0.0,0.0,112.55270770506101,1.0
315.0,2.5184189219147916E-4,0.0,0.0,0.0,112.55270770506522,1.0
316.0,2.5184189219145493E-4,0.0,0.0,0.0,112.5527077050691,1.0
317.0,2.5184189219143254E-4,0.0,0.0,0.0,112.55270770507263,1.0
318.0,2.5184189219141205E-4,0.0,0.0,0.0,112.55270770507587,1.0
319.0,2.51841892191393E-4,0.0,0.0,0.0,112.55270770507886,1.0
320.0,2.518418921913758E-4,0.0,0.0,0.0,112.55270770508159,1.0
321.0,2.518418921913598E-4,0.0,0.0,0.0,112.5527077050841,1.0
322.0,2.51841892191345E-4,0.0,0.0,0.0,112.55270770508636,1.0
323.0,2.518418921913318E-4,0.0,0.0,0.0,112.55270770508842,1.0
324.0,2.518418921913195E-4,0.0,0.0,0.0,112.5527077050903,1.0
325.0,2.5184189219130834E-4,0.0,0.0,0.0,112.552707705092,1.0
326.0,2.518418921912981E-4,0.0,0.0,0.0,112.5527077050936,1.0
327.0,2.5184189219128894E-4,0.0,0.0,0.0,112.552707705095,1.0
328.0,2.518418921912805E-4,0.0,0.0,0.0,112.5527077050963,1.0
329.0,2.518418921912729E-4,0.0,0.0,0.0,112.5527077050975,1.0
330.0,2.51841892191266E-4,0.0,0.0,0.0,112.55270770509857,1.0
331.0,2.5184189219125966E-4,0.0,0.0,0.0,112.5527077050996,1.0
332.0,2.518418921912537E-4,0.0,0.0,0.0,112.55270770510059,1.0
333.0,2.518418921912484E-4,0.0,0.0,0.0,112.5527077051015,1.0
334.0,2.5184189219124335E-4,0.0,0.0,0.0,112.5527077051023,1.0
335.0,2.5184189219123863E-4,0.0,0.0,0.0,112.55270770510303,1.0
336.0,2.5184189219123456E-4,0.0,0.0,0.0,112.55270770510371,1.0
337.0,2.5184189219123044E-4,0.0,0.0,0.0,112.55270770510432,1.0
338.0,2.5184189219122665E-4,0.0,0.0,0.0,112.55270770510488,1.0
339.0,2.5184189219122334E-4,0.0,0.0,0.0,112.55270770510539,1.0
340.0,2.5184189219122014E-4,0.0,0.0,0.0,112.5527077051058,1.0
341.0,2.5184189219121754E-4,0.0,0.0,0.0,112.5527077051062,1.0
342.0,2.518418921912151E-4,0.0,0.0,0.0,112.55270770510657,1.0
343.0,2.518418921912128E-4,0.0,0.0,0.0,112.55270770510687,1.0
344.0,2.5184189219121104E-4,0.0,0.0,0.0,112.55270770510715,1.0
345.0,2.518418921912094E-4,0.0,0.0,0.0,112.55270770510747,1.0
346.0,2.518418921912079E-4,0.0,0.0,0.0,112.55270770510772,1.0
347.0,2.518418921912063E-4,0.0,0.0,0.0,112.55270770510799,1.0
348.0,2.5184189219120486E-4,0.0,0.0,0.0,112.55270770510825,1.0
349.0,2.518418921912037E-4,0.0,0.0,0.0,112.55270770510847,1.0
350.0,2.518418921912026E-4,0.0,0.0,0.0,112.55270770510869,1.0
351.0,2.518418921912015E-4,0.0,0.0,0.0,112.55270770510892,1.0
352.0,2.5184189219120036E-4,0.0,0.0,0.0,112.5527077051091,1.0
353.0,2.518418921911994E-4,0.0,0.0,0.0,112.55270770510926,1.0
354.0,2.5184189219119824E-4,0.0,0.0,0.0,112.55270770510937,1.0
355.0,2.518418921911973E-4,0.0,0.0,0.0,112.5527077051095,1.0
356.0,2.518418921911964E-4,0.0,0.0,0.0,112.55270770510961,1.0
357.0,2.518418921911956E-4,0.0,0.0,0.0,112.55270770510968,1.0
358.0,2.51841892191195E-4,0.0,0.0,0.0,112.55270770510971,1.0
359.0,2.5184189219119467E-4,0.0,0.0,0.0,112.55270770510974,1.0
360.0,2.5184189219119434E-4,0.0,0.0,0.0,112.55270770510977,1.0
361.0,2.518418921911942E-4,0.0,0.0,0.0,112.5527077051098,1.0
362.0,2.518418921911939E-4,0.0,0.0,0.0,112.55270770510984,1.0
363.0,2.5184189219119374E-4,0.0,0.0,0.0,112.55270770510985,1.0
364.0,2.518418921911936E-4,0.0,0.0,0.0,112.55270770510992,1.0
365.0,2.5184189219119336E-4,0.0,0.0,0.0,112.55270770510998,1.0
366.0,2.5184189219119315E-4,0.0,0.0,0.0,112.55270770511002,1.0
367.0,2.5184189219119293E-4,0.0,0.0,0.0,112.5527077051101,1.0
368.0,2.518418921911927E-4,0.0,0.0,0.0,112.55270770511015,1.0
369.0,2.518418921911925E-4,0.0,0.0,0.0,112.55270770511022,1.0
370.0,2.518418921911924E-4,0.0,0.0,0.0,112.55270770511028,1.0
371.0,2.51841892191192E-4,0.0,0.0,0.0,112.55270770511034,1.0
372.0,2.518418921911918E-4,0.0,0.0,0.0,112.5527077051104,1.0
373.0,2.518418921911916E-4,0.0,0.0,0.0,112.55270770511045,1.0
374.0,2.5184189219119125E-4,0.0,0.0,0.0,112.55270770511049,1.0
375.0,2.518418921911911E-4,0.0,0.0,0.0,112.55270770511052,1.0
376.0,2.5184189219119087E-4,0.0,0.0,0.0,112.55270770511055,1.0
377.0,2.518418921911908E-4,0.0,0.0,0.0,112.55270770511055,1.0
378.0,2.518418921911907E-4,0.0,0.0,0.0,112.55270770511055,1.0
379.0,2.5184189219119055E-4,0.0,0.0,0.0,112.55270770511055,1.0
380.0,2.518418921911904E-4,0.0,0.0,0.0,112.55270770511055,1.0
381.0,2.518418921911903E-4,0.0,0.0,0.0,112.55270770511055,1.0
382.0,2.5184189219119006E-4,0.0,0.0,0.0,112.55270770511055,1.0
383.0,2.5184189219119006E-4,0.0,0.0,0.0,112.55270770511055,1.0
384.0,2.5184189219119006E-4,0.0,0.0,0.0,112.55270770511055,1.0
385.0,2.5184189219119006E-4,0.0,0.0,0.0,112.55270770511055,1.0
386.0,2.5184189219119006E-4,0.0,0.0,0.0,112.55270770511055,1.0
387.0,2.5184189219119006E-4,0.0,0.0,0.0,112.55270770511055,1.0
388.0,2.5184189219119006E-4,0.0,0.0,0.0,112.55270770511055,1.0
389.0,2.5184189219119006E-4,0.0,0.0,0.0,112.55270770511055,1.0
390.0,2.5184189219119006E-4,0.0,0.0,0.0,112.55270770511055,1.0
391.0,2.5184189219119006E-4,0.0,0.0,0.0,112.55270770511055,1.0
392.0,2.5184189219119006E-4,0.0,0.0,0.0,112.55270770511055,1.0
393.0,2.5184189219119006E-4,0.0,0.0,0.0,112.55270770511055,1.0
394.0,2.5184189219119006E-4,0.0,0.0,0.0,112.55270770511055,1.0
395.0,2.5184189219119006E-4,0.0,0.0,0.0,112.55270770511055,1.0
396.0,2.5184189219119006E-4,0.0,0.0,0.0,112.55270770511055,1.0
397.0,2.5184189219119006E-4,0.0,0.0,0.0,112.55270770511055,1.0
398.0,2.5184189219119006E-4,0.0,0.0,0.0,112.55270770511055,1.0
399.0,2.5184189219119006E-4,0.0,0.0,0.0,112.55270770511055,1.0
400.0,2.5184189219119006E-4,0.0,0.0,0.0,112.55270770511055,1.0
401.0,2.5184189219119006E-4,0.0,0.0,0.0,112.55270770511055,1.0
402.0,2.5184189219119006E-4,0.0,0.0,0.0,112.55270770511055,1.0
403.0,2.5184189219119006E-4,0.0,0.0,0.0,112.55270770511055,1.0
404.0,2.5184189219119006E-4,0.0,0.0,0.0,112.55270770511055,1.0
405.0,2.5184189219119006E-4,0.0,0.0,0.0,112.55270770511055,1.0
406.0,2.5184189219119006E-4,0.0,0.0,0.0,112.55270770511055,1.0
407.0,2.5184189219119006E-4,0.0,0.0,0.0,112.55270770511055,1.0
408.0,2.5184189219119006E-4,0.0,0.0,0.0,112.55270770511055,1.0
409.0,2.5184189219119006E-4,0.0,0.0,0.0,112.55270770511055,1.0
410.0,2.5184189219119006E-4,0.0,0.0,0.0,112.55270770511055,1.0
411.0,2.5184189219119006E-4,0.0,0.0,0.0,112.55270770511055,1.0
412.0,2.5184189219119006E-4,0.0,0.0,0.0,112.55270770511055,1.0
413.0,2.5184189219119006E-4,0.0,0.0,0.0,112.55270770511055,1.0
414.0,2.5184189219119006E-4,0.0,0.0,0.0,112.55270770511055,1.0
415.0,2.5184189219119006E-4,0.0,0.0,0.0,112.55270770511055,1.0
416.0,2.5184189219119006E-4,0.0,0.0,0.0,112.55270770511055,1.0
417.0,2.5184189219119006E-4,0.0,0.0,0.0,112.55270770511055,1.0
418.0,2.5184189219119006E-4,0.0,0.0,0.0,112.55270770511055,1.0
419.0,2.5184189219119006E-4,0.0,0.0,0.0,112.55270770511055,1.0
420.0,2.5184189219119006E-4,0.0,0.0,0.0,112.55270770511055,1.0
421.0,2.5184189219119006E-4,0.0,0.0,0.0,112.55270770511055,1.0
422.0,2.5184189219119006E-4,0.0,0.0,0.0,112.55270770511055,1.0
423.0,2.5184189219119006E-4,0.0,0.0,0.0,112.55270770511055,1.0
424.0,2.5184189219119006E-4,0.0,0.0,0.0,112.55270770511055,1.0
425.0,2.5184189219119006E-4,0.0,0.0,0.0,112.55270770511055,1.0
426.0,2.5184189219119006E-4,0.0,0.0,0.0,112.55270770511055,1.0
427.0,2.5184189219119006E-4,0.0,0.0,0.0,112.55270770511055,1.0
428.0,2.5184189219119006E-4,0.0,0.0,0.0,112.55270770511055,1.0
429.0,2.5184189219119006E-4,0.0,0.0,0.0,112.55270770511055,1.0
430.0,2.5184189219119006E-4,0.0,0.0,0.0,112.55270770511055,1.0
431.0,2.5184189219119006E-4,0.0,0.0,0.0,112.55270770511055,1.0
432.0,2.5184189219119006E-4,0.0,0.0,0.0,112.55270770511055,1.0
433.0,2.5184189219119006E-4,0.0,0.0,0.0,112.55270770511055,1.0
434.0,2.5184189219119006E-4,0.0,0.0,0.0,112.55270770511055,1.0
435.0,2.5184189219119006E-4,0.0,0.0,0.0,112.55270770511055,1.0
436.0,2.5184189219119006E-4,0.0,0.0,0.0,112.55270770511055,1.0
437.0,2.5184189219119006E-4,0.0,0.0,0.0,112.55270770511055,1.0
438.0,2.5184189219119006E-4,0.0,0.0,0.0,112.55270770511055,1.0
439.0,2.5184189219119006E-4,0.0,0.0,0.0,112.55270770511055,1.0
440.0,2.5184189219119006E-4,0.0,0.0,0.0,112.55270770511055,1.0
441.0,2.5184189219119006E-4,0.0,0.0,0.0,112.55270770511055,1.0
442.0,2.5184189219119006E-4,0.0,0.0,0.0,112.55270770511055,1.0
443.0,2.5184189219119006E-4,0.0,0.0,0.0,112.55270770511055,1.0
444.0,2.5184189219119006E-4,0.0,0.0,0.0,112.55270770511055,1.0
445.0,2.5184189219119006E-4,0.0,0.0,0.0,112.55270770511055,1.0
446.0,2.5184189219119006E-4,0.0,0.0,0.0,112.55270770511055,1.0
447.0,2.5184189219119006E-4,0.0,0.0,0.0,112.55270770511055,1.0
448.0,2.5184189219119006E-4,0.0,0.0,0.0,112.55270770511055,1.0
449.0,2.5184189219119006E-4,0.0,0.0,0.0,112.55270770511055,1.0
450.0,2.5184189219119006E-4,0.0,0.0,0.0,112.55270770511055,1.0
451.0,2.5184189219119006E-4,0.0,0.0,0.0,112.55270770511055,1.0
452.0,2.5184189219119006E-4,0.0,0.0,0.0,112.55270770511055,1.0
453.0,2.5184189219119006E-4,0.0,0.0,0.0,112.55270770511055,1.0
454.0,2.5184189219119006E-4,0.0,0.0,0.0,112.55270770511055,1.0
455.0,2.5184189219119006E-4,0.0,0.0,0.0,112.55270770511055,1.0
456.0,2.5184189219119006E-4,0.0,0.0,0.0,112.55270770511055,1.0
457.0,2.5184189219119006E-4,0.0,0.0,0.0,112.55270770511055,1.0
458.0,2.5184189219119006E-4,0.0,0.0,0.0,112.55270770511055,1.0
459.0,2.5184189219119006E-4,0.0,0.0,0.0,112.55270770511055,1.0
460.0,2.5184189219119006E-4,0.0,0.0,0.0,112.55270770511055,1.0
461.0,2.5184189219119006E-4,0.0,0.0,0.0,112.55270770511055,1.0
462.0,2.5184189219119006E-4,0.0,0.0,0.0,112.55270770511055,1.0
463.0,2.5184189219119006E-4,0.0,0.0,0.0,112.55270770511055,1.0
464.0,2.5184189219119006E-4,0.0,0.0,0.0,112.55270770511055,1.0
465.0,2.5184189219119006E-4,0.0,0.0,0.0,112.55270770511055,1.0
466.0,2.5184189219119006E-4,0.0,0.0,0.0,112.55270770511055,1.0
467.0,2.5184189219119006E-4,0.0,0.0,0.0,112.55270770511055,1.0
468.0,2.5184189219119006E-4,0.0,0.0,0.0,112.55270770511055,1.0
469.0,2.5184189219119006E-4,0.0,0.0,0.0,112.55270770511055,1.0
470.0,2.5184189219119006E-4,0.0,0.0,0.0,112.55270770511055,1.0
471.0,2.5184189219119006E-4,0.0,0.0,0.0,112.55270770511055,1.0
472.0,2.5184189219119006E-4,0.0,0.0,0.0,112.55270770511055,1.0
473.0,2.5184189219119006E-4,0.0,0.0,0.0,112.55270770511055,1.0
474.0,2.5184189219119006E-4,0.0,0.0,0.0,112.55270770511055,1.0
475.0,2.5184189219119006E-4,0.0,0.0,0.0,112.55270770511055,1.0
476.0,2.5184189219119006E-4,0.0,0.0,0.0,112.55270770511055,1.0
477.0,2.5184189219119006E-4,0.0,0.0,0.0,112.55270770511055,1.0
478.0,2.5184189219119006E-4,0.0,0.0,0.0,112.55270770511055,1.0
479.0,2.5184189219119006E-4,0.0,0.0,0.0,112.55270770511055,1.0
480.0,2.5184189219119006E-4,0.0,0.0,0.0,112.55270770511055,1.0
481.0,2.5184189219119006E-4,0.0,0.0,0.0,112.55270770511055,1.0
482.0,2.5184189219119006E-4,0.0,0.0,0.0,112.55270770511055,1.0
483.0,2.5184189219119006E-4,0.0,0.0,0.0,112.55270770511055,1.0
484.0,2.5184189219119006E-4,0.0,0.0,0.0,112.55270770511055,1.0
485.0,2.5184189219119006E-4,0.0,0.0,0.0,112.55270770511055,1.0
486.0,2.5184189219119006E-4,0.0,0.0,0.0,112.55270770511055,1.0
487.0,2.5184189219119006E-4,0.0,0.0,0.0,112.55270770511055,1.0
488.0,2.5184189219119006E-4,0.0,0.0,0.0,112.55270770511055,1.0
489.0,2.5184189219119006E-4,0.0,0.0,0.0,112.55270770511055,1.0
490.0,2.5184189219119006E-4,0.0,0.0,0.0,112.55270770511055,1.0
491.0,2.5184189219119006E-4,0.0,0.0,0.0,112.55270770511055,1.0
492.0,2.5184189219119006E-4,0.0,0.0,0.0,112.55270770511055,1.0
493.0,2.5184189219119006E-4,0.0,0.0,0.0,112.55270770511055,1.0
494.0,2.5184189219119006E-4,0.0,0.0,0.0,112.55270770511055,1.0
495.0,2.5184189219119006E-4,0.0,0.0,0.0,112.55270770511055,1.0
496.0,2.5184189219119006E-4,0.0,0.0,0.0,112.55270770511055,1.0
497.0,2.5184189219119006E-4,0.0,0.0,0.0,112.55270770511055,1.0
498.0,2.5184189219119006E-4,0.0,0.0,0.0,112.55270770511055,1.0
499.0,2.5184189219119006E-4,0.0,0.0,0.0,112.55270770511055,1.0
500.0,2.5184189219119006E-4,0.0,0.0,0.0,112.55270770511055,1.0
501.0,2.5184189219119006E-4,0.0,0.0,0.0,112.55270770511055,1.0
502.0,2.5184189219119006E-4,0.0,0.0,0.0,112.55270770511055,1.0
503.0,2.5184189219119006E-4,0.0,0.0,0.0,112.55270770511055,1.0
504.0,2.5184189219119006E-4,0.0,0.0,0.0,112.55270770511055,1.0
505.0,2.5184189219119006E-4,0.0,0.0,0.0,112.55270770511055,1.0
506.0,2.5184189219119006E-4,0.0,0.0,0.0,112.55270770511055,1.0
507.0,2.5184189219119006E-4,0.0,0.0,0.0,112.55270770511055,1.0
508.0,2.5184189219119006E-4,0.0,0.0,0.0,112.55270770511055,1.0
509.0,2.5184189219119006E-4,0.0,0.0,0.0,112.55270770511055,1.0
510.0,2.5184189219119006E-4,0.0,0.0,0.0,112.55270770511055,1.0
511.0,2.5184189219119006E-4,0.0,0.0,0.0,112.55270770511055,1.0
512.0,2.5184189219119006E-4,0.0,0.0,0.0,112.55270770511055,1.0
513.0,2.5184189219119006E-4,0.0,0.0,0.0,112.55270770511055,1.0
514.0,2.5184189219119006E-4,0.0,0.0,0.0,112.55270770511055,1.0
515.0,2.5184189219119006E-4,0.0,0.0,0.0,112.55270770511055,1.0
516.0,2.5184189219119006E-4,0.0,0.0,0.0,112.55270770511055,1.0
517.0,2.5184189219119006E-4,0.0,0.0,0.0,112.55270770511055,1.0
518.0,2.5184189219119006E-4,0.0,0.0,0.0,112.55270770511055,1.0
519.0,2.5184189219119006E-4,0.0,0.0,0.0,112.55270770511055,1.0
520.0,2.5184189219119006E-4,0.0,0.0,0.0,112.55270770511055,1.0
521.0,2.5184189219119006E-4,0.0,0.0,0.0,112.55270770511055,1.0
522.0,2.5184189219119006E-4,0.0,0.0,0.0,112.55270770511055,1.0
523.0,2.5184189219119006E-4,0.0,0.0,0.0,112.55270770511055,1.0
524.0,2.5184189219119006E-4,0.0,0.0,0.0,112.55270770511055,1.0
525.0,2.5184189219119006E-4,0.0,0.0,0.0,112.55270770511055,1.0
526.0,2.5184189219119006E-4,0.0,0.0,0.0,112.55270770511055,1.0
527.0,2.5184189219119006E-4,0.0,0.0,0.0,112.55270770511055,1.0
528.0,2.5184189219119006E-4,0.0,0.0,0.0,112.55270770511055,1.0
529.0,2.5184189219119006E-4,0.0,0.0,0.0,112.55270770511055,1.0
530.0,2.5184189219119006E-4,0.0,0.0,0.0,112.55270770511055,1.0
531.0,2.5184189219119006E-4,0.0,0.0,0.0,112.55270770511055,1.0
532.0,2.5184189219119006E-4,0.0,0.0,0.0,112.55270770511055,1.0
533.0,2.5184189219119006E-4,0.0,0.0,0.0,112.55270770511055,1.0
534.0,2.5184189219119006E-4,0.0,0.0,0.0,112.55270770511055,1.0
535.0,2.5184189219119006E-4,0.0,0.0,0.0,112.55270770511055,1.0
536.0,2.5184189219119006E-4,0.0,0.0,0.0,112.55270770511055,1.0
537.0,2.5184189219119006E-4,0.0,0.0,0.0,112.55270770511055,1.0
538.0,2.5184189219119006E-4,0.0,0.0,0.0,112.55270770511055,1.0
539.0,2.5184189219119006E-4,0.0,0.0,0.0,112.55270770511055,1.0
540.0,2.5184189219119006E-4,0.0,0.0,0.0,112.55270770511055,1.0
541.0,2.5184189219119006E-4,0.0,0.0,0.0,112.55270770511055,1.0
542.0,2.5184189219119006E-4,0.0,0.0,0.0,112.55270770511055,1.0
543.0,2.5184189219119006E-4,0.0,0.0,0.0,112.55270770511055,1.0
544.0,2.5184189219119006E-4,0.0,0.0,0.0,112.55270770511055,1.0
545.0,2.5184189219119006E-4,0.0,0.0,0.0,112.55270770511055,1.0
546.0,2.5184189219119006E-4,0.0,0.0,0.0,112.55270770511055,1.0
547.0,2.5184189219119006E-4,0.0,0.0,0.0,112.55270770511055,1.0
548.0,2.5184189219119006E-4,0.0,0.0,0.0,112.55270770511055,1.0
549.0,2.5184189219119006E-4,0.0,0.0,0.0,112.55270770511055,1.0
550.0,2.5184189219119006E-4,0.0,0.0,0.0,112.55270770511055,1.0
551.0,2.5184189219119006E-4,0.0,0.0,0.0,112.55270770511055,1.0
552.0,2.5184189219119006E-4,0.0,0.0,0.0,112.55270770511055,1.0
553.0,2.5184189219119006E-4,0.0,0.0,0.0,112.55270770511055,1.0
554.0,2.5184189219119006E-4,0.0,0.0,0.0,112.55270770511055,1.0
555.0,2.5184189219119006E-4,0.0,0.0,0.0,112.55270770511055,1.0
556.0,2.5184189219119006E-4,0.0,0.0,0.0,112.55270770511055,1.0
557.0,2.5184189219119006E-4,0.0,0.0,0.0,112.55270770511055,1.0
558.0,2.5184189219119006E-4,0.0,0.0,0.0,112.55270770511055,1.0
559.0,2.5184189219119006E-4,0.0,0.0,0.0,112.55270770511055,1.0
560.0,2.5184189219119006E-4,0.0,0.0,0.0,112.55270770511055,1.0
561.0,2.5184189219119006E-4,0.0,0.0,0.0,112.55270770511055,1.0
562.0,2.5184189219119006E-4,0.0,0.0,0.0,112.55270770511055,1.0
563.0,2.5184189219119006E-4,0.0,0.0,0.0,112.55270770511055,1.0
564.0,2.5184189219119006E-4,0.0,0.0,0.0,112.55270770511055,1.0
565.0,2.5184189219119006E-4,0.0,0.0,0.0,112.55270770511055,1.0
566.0,2.5184189219119006E-4,0.0,0.0,0.0,112.55270770511055,1.0
567.0,2.5184189219119006E-4,0.0,0.0,0.0,112.55270770511055,1.0
568.0,2.5184189219119006E-4,0.0,0.0,0.0,112.55270770511055,1.0
569.0,2.5184189219119006E-4,0.0,0.0,0.0,112.55270770511055,1.0
570.0,2.5184189219119006E-4,0.0,0.0,0.0,112.55270770511055,1.0
571.0,2.5184189219119006E-4,0.0,0.0,0.0,112.55270770511055,1.0
572.0,2.5184189219119006E-4,0.0,0.0,0.0,112.55270770511055,1.0
573.0,2.5184189219119006E-4,0.0,0.0,0.0,112.55270770511055,1.0
574.0,2.5184189219119006E-4,0.0,0.0,0.0,112.55270770511055,1.0
575.0,2.5184189219119006E-4,0.0,0.0,0.0,112.55270770511055,1.0
576.0,2.5184189219119006E-4,0.0,0.0,0.0,112.55270770511055,1.0
577.0,2.5184189219119006E-4,0.0,0.0,0.0,112.55270770511055,1.0
578.0,2.5184189219119006E-4,0.0,0.0,0.0,112.55270770511055,1.0
579.0,2.5184189219119006E-4,0.0,0.0,0.0,112.55270770511055,1.0
580.0,2.5184189219119006E-4,0.0,0.0,0.0,112.55270770511055,1.0
581.0,2.5184189219119006E-4,0.0,0.0,0.0,112.55270770511055,1.0
582.0,2.5184189219119006E-4,0.0,0.0,0.0,112.55270770511055,1.0
583.0,2.5184189219119006E-4,0.0,0.0,0.0,112.55270770511055,1.0
584.0,2.5184189219119006E-4,0.0,0.0,0.0,112.55270770511055,1.0
585.0,2.5184189219119006E-4,0.0,0.0,0.0,112.55270770511055,1.0
586.0,2.5184189219119006E-4,0.0,0.0,0.0,112.55270770511055,1.0
587.0,2.5184189219119006E-4,0.0,0.0,0.0,112.55270770511055,1.0
588.0,2.5184189219119006E-4,0.0,0.0,0.0,112.55270770511055,1.0
589.0,2.5184189219119006E-4,0.0,0.0,0.0,112.55270770511055,1.0
590.0,2.5184189219119006E-4,0.0,0.0,0.0,112.55270770511055,1.0
591.0,2.5184189219119006E-4,0.0,0.0,0.0,112.55270770511055,1.0
592.0,2.5184189219119006E-4,0.0,0.0,0.0,112.55270770511055,1.0
593.0,2.5184189219119006E-4,0.0,0.0,0.0,112.55270770511055,1.0
594.0,2.5184189219119006E-4,0.0,0.0,0.0,112.55270770511055,1.0
595.0,2.5184189219119006E-4,0.0,0.0,0.0,112.55270770511055,1.0
596.0,2.5184189219119006E-4,0.0,0.0,0.0,112.55270770511055,1.0
597.0,2.5184189219119006E-4,0.0,0.0,0.0,112.55270770511055,1.0
598.0,2.5184189219119006E-4,0.0,0.0,0.0,112.55270770511055,1.0
599.0,2.5184189219119006E-4,0.0,0.0,0.0,112.55270770511055,1.0
600.0,2.5184189219119006E-4,0.0,0.0,0.0,112.55270770511055,1.0
601.0,2.5184189219119006E-4,0.0,0.0,0.0,112.55270770511055,1.0
602.0,2.5184189219119006E-4,0.0,0.0,0.0,112.55270770511055,1.0
603.0,2.5184189219119006E-4,0.0,0.0,0.0,112.55270770511055,1.0
604.0,2.5184189219119006E-4,0.0,0.0,0.0,112.55270770511055,1.0
605.0,2.5184189219119006E-4,0.0,0.0,0.0,112.55270770511055,1.0
606.0,2.5184189219119006E-4,0.0,0.0,0.0,112.55270770511055,1.0
607.0,2.5184189219119006E-4,0.0,0.0,0.0,112.55270770511055,1.0
608.0,2.5184189219119006E-4,0.0,0.0,0.0,112.55270770511055,1.0
609.0,2.5184189219119006E-4,0.0,0.0,0.0,112.55270770511055,1.0
610.0,2.5184189219119006E-4,0.0,0.0,0.0,112.55270770511055,1.0
611.0,2.5184189219119006E-4,0.0,0.0,0.0,112.55270770511055,1.0
612.0,2.5184189219119006E-4,0.0,0.0,0.0,112.55270770511055,1.0
613.0,2.5184189219119006E-4,0.0,0.0,0.0,112.55270770511055,1.0
614.0,2.5184189219119006E-4,0.0,0.0,0.0,112.55270770511055,1.0
615.0,2.5184189219119006E-4,0.0,0.0,0.0,112.55270770511055,1.0
616.0,2.5184189219119006E-4,0.0,0.0,0.0,112.55270770511055,1.0
617.0,2.5184189219119006E-4,0.0,0.0,0.0,112.55270770511055,1.0
618.0,2.5184189219119006E-4,0.0,0.0,0.0,112.55270770511055,1.0
619.0,2.5184189219119006E-4,0.0,0.0,0.0,112.55270770511055,1.0
620.0,2.5184189219119006E-4,0.0,0.0,0.0,112.55270770511055,1.0
621.0,2.5184189219119006E-4,0.0,0.0,0.0,112.55270770511055,1.0
622.0,2.5184189219119006E-4,0.0,0.0,0.0,112.55270770511055,1.0
623.0,2.5184189219119006E-4,0.0,0.0,0.0,112.55270770511055,1.0
624.0,2.5184189219119006E-4,0.0,0.0,0.0,112.55270770511055,1.0
625.0,2.5184189219119006E-4,0.0,0.0,0.0,112.55270770511055,1.0
626.0,2.5184189219119006E-4,0.0,0.0,0.0,112.55270770511055,1.0
627.0,2.5184189219119006E-4,0.0,0.0,0.0,112.55270770511055,1.0
628.0,2.5184189219119006E-4,0.0,0.0,0.0,112.55270770511055,1.0
629.0,2.5184189219119006E-4,0.0,0.0,0.0,112.55270770511055,1.0
630.0,2.5184189219119006E-4,0.0,0.0,0.0,112.55270770511055,1.0
631.0,2.5184189219119006E-4,0.0,0.0,0.0,112.55270770511055,1.0
632.0,2.5184189219119006E-4,0.0,0.0,0.0,112.55270770511055,1.0
633.0,2.5184189219119006E-4,0.0,0.0,0.0,112.55270770511055,1.0
634.0,2.5184189219119006E-4,0.0,0.0,0.0,112.55270770511055,1.0
635.0,2.5184189219119006E-4,0.0,0.0,0.0,112.55270770511055,1.0
636.0,2.5184189219119006E-4,0.0,0.0,0.0,112.55270770511055,1.0
637.0,2.5184189219119006E-4,0.0,0.0,0.0,112.55270770511055,1.0
638.0,2.5184189219119006E-4,0.0,0.0,0.0,112.55270770511055,1.0
639.0,2.5184189219119006E-4,0.0,0.0,0.0,112.55270770511055,1.0
640.0,2.5184189219119006E-4,0.0,0.0,0.0,112.55270770511055,1.0
641.0,2.5184189219119006E-4,0.0,0.0,0.0,112.55270770511055,1.0
642.0,2.5184189219119006E-4,0.0,0.0,0.0,112.55270770511055,1.0
643.0,2.5184189219119006E-4,0.0,0.0,0.0,112.55270770511055,1.0
644.0,2.5184189219119006E-4,0.0,0.0,0.0,112.55270770511055,1.0
645.0,2.5184189219119006E-4,0.0,0.0,0.0,112.55270770511055,1.0
646.0,2.5184189219119006E-4,0.0,0.0,0.0,112.55270770511055,1.0
647.0,2.5184189219119006E-4,0.0,0.0,0.0,112.55270770511055,1.0
648.0,2.5184189219119006E-4,0.0,0.0,0.0,112.55270770511055,1.0
649.0,2.5184189219119006E-4,0.0,0.0,0.0,112.55270770511055,1.0
650.0,2.5184189219119006E-4,0.0,0.0,0.0,112.55270770511055,1.0
651.0,2.5184189219119006E-4,0.0,0.0,0.0,112.55270770511055,1.0
652.0,2.5184189219119006E-4,0.0,0.0,0.0,112.55270770511055,1.0
653.0,2.5184189219119006E-4,0.0,0.0,0.0,112.55270770511055,1.0
654.0,2.5184189219119006E-4,0.0,0.0,0.0,112.55270770511055,1.0
655.0,2.5184189219119006E-4,0.0,0.0,0.0,112.55270770511055,1.0
656.0,2.5184189219119006E-4,0.0,0.0,0.0,112.55270770511055,1.0
657.0,2.5184189219119006E-4,0.0,0.0,0.0,112.55270770511055,1.0
658.0,2.5184189219119006E-4,0.0,0.0,0.0,112.55270770511055,1.0
659.0,2.5184189219119006E-4,0.0,0.0,0.0,112.55270770511055,1.0
660.0,2.5184189219119006E-4,0.0,0.0,0.0,112.55270770511055,1.0
661.0,2.5184189219119006E-4,0.0,0.0,0.0,112.55270770511055,1.0
662.0,2.5184189219119006E-4,0.0,0.0,0.0,112.55270770511055,1.0
663.0,2.5184189219119006E-4,0.0,0.0,0.0,112.55270770511055,1.0
664.0,2.5184189219119006E-4,0.0,0.0,0.0,112.55270770511055,1.0
665.0,2.5184189219119006E-4,0.0,0.0,0.0,112.55270770511055,1.0
666.0,2.5184189219119006E-4,0.0,0.0,0.0,112.55270770511055,1.0
667.0,2.5184189219119006E-4,0.0,0.0,0.0,112.55270770511055,1.0
668.0,2.5184189219119006E-4,0.0,0.0,0.0,112.55270770511055,1.0
669.0,2.5184189219119006E-4,0.0,0.0,0.0,112.55270770511055,1.0
670.0,2.5184189219119006E-4,0.0,0.0,0.0,112.55270770511055,1.0
671.0,2.5184189219119006E-4,0.0,0.0,0.0,112.55270770511055,1.0
672.0,2.5184189219119006E-4,0.0,0.0,0.0,112.55270770511055,1.0
673.0,2.5184189219119006E-4,0.0,0.0,0.0,112.55270770511055,1.0
674.0,2.5184189219119006E-4,0.0,0.0,0.0,112.55270770511055,1.0
675.0,2.5184189219119006E-4,0.0,0.0,0.0,112.55270770511055,1.0
676.0,2.5184189219119006E-4,0.0,0.0,0.0,112.55270770511055,1.0
677.0,2.5184189219119006E-4,0.0,0.0,0.0,112.55270770511055,1.0
678.0,2.5184189219119006E-4,0.0,0.0,0.0,112.55270770511055,1.0
679.0,2.5184189219119006E-4,0.0,0.0,0.0,112.55270770511055,1.0
680.0,2.5184189219119006E-4,0.0,0.0,0.0,112.55270770511055,1.0
681.0,2.5184189219119006E-4,0.0,0.0,0.0,112.55270770511055,1.0
682.0,2.5184189219119006E-4,0.0,0.0,0.0,112.55270770511055,1.0
683.0,2.5184189219119006E-4,0.0,0.0,0.0,112.55270770511055,1.0
684.0,2.5184189219119006E-4,0.0,0.0,0.0,112.55270770511055,1.0
685.0,2.5184189219119006E-4,0.0,0.0,0.0,112.55270770511055,1.0
686.0,2.5184189219119006E-4,0.0,0.0,0.0,112.55270770511055,1.0
687.0,2.5184189219119006E-4,0.0,0.0,0.0,112.55270770511055,1.0
688.0,2.5184189219119006E-4,0.0,0.0,0.0,112.55270770511055,1.0
689.0,2.5184189219119006E-4,0.0,0.0,0.0,112.55270770511055,1.0
690.0,2.5184189219119006E-4,0.0,0.0,0.0,112.55270770511055,1.0
691.0,2.5184189219119006E-4,0.0,0.0,0.0,112.55270770511055,1.0
692.0,2.5184189219119006E-4,0.0,0.0,0.0,112.55270770511055,1.0
693.0,2.5184189219119006E-4,0.0,0.0,0.0,112.55270770511055,1.0
694.0,2.5184189219119006E-4,0.0,0.0,0.0,112.55270770511055,1.0
695.0,2.5184189219119006E-4,0.0,0.0,0.0,112.55270770511055,1.0
696.0,2.5184189219119006E-4,0.0,0.0,0.0,112.55270770511055,1.0
697.0,2.5184189219119006E-4,0.0,0.0,0.0,112.55270770511055,1.0
698.0,2.5184189219119006E-4,0.0,0.0,0.0,112.55270770511055,1.0
699.0,2.5184189219119006E-4,0.0,0.0,0.0,112.55270770511055,1.0
700.0,2.5184189219119006E-4,0.0,0.0,0.0,112.55270770511055,1.0
701.0,2.5184189219119006E-4,0.0,0.0,0.0,112.55270770511055,1.0
702.0,2.5184189219119006E-4,0.0,0.0,0.0,112.55270770511055,1.0
703.0,2.5184189219119006E-4,0.0,0.0,0.0,112.55270770511055,1.0
704.0,2.5184189219119006E-4,0.0,0.0,0.0,112.55270770511055,1.0
705.0,2.5184189219119006E-4,0.0,0.0,0.0,112.55270770511055,1.0
706.0,2.5184189219119006E-4,0.0,0.0,0.0,112.55270770511055,1.0
707.0,2.5184189219119006E-4,0.0,0.0,0.0,112.55270770511055,1.0
708.0,2.5184189219119006E-4,0.0,0.0,0.0,112.55270770511055,1.0
709.0,2.5184189219119006E-4,0.0,0.0,0.0,112.55270770511055,1.0
710.0,2.5184189219119006E-4,0.0,0.0,0.0,112.55270770511055,1.0
711.0,2.5184189219119006E-4,0.0,0.0,0.0,112.55270770511055,1.0
712.0,2.5184189219119006E-4,0.0,0.0,0.0,112.55270770511055,1.0
713.0,2.5184189219119006E-4,0.0,0.0,0.0,112.55270770511055,1.0
714.0,2.5184189219119006E-4,0.0,0.0,0.0,112.55270770511055,1.0
715.0,2.5184189219119006E-4,0.0,0.0,0.0,112.55270770511055,1.0
716.0,2.5184189219119006E-4,0.0,0.0,0.0,112.55270770511055,1.0
717.0,2.5184189219119006E-4,0.0,0.0,0.0,112.55270770511055,1.0
718.0,2.5184189219119006E-4,0.0,0.0,0.0,112.55270770511055,1.0
719.0,2.5184189219119006E-4,0.0,0.0,0.0,112.55270770511055,1.0
720.0,2.5184189219119006E-4,0.0,0.0,0.0,112.55270770511055,1.0
721.0,2.5184189219119006E-4,0.0,0.0,0.0,112.55270770511055,1.0
722.0,2.5184189219119006E-4,0.0,0.0,0.0,112.55270770511055,1.0
723.0,2.5184189219119006E-4,0.0,0.0,0.0,112.55270770511055,1.0
724.0,2.5184189219119006E-4,0.0,0.0,0.0,112.55270770511055,1.0
725.0,2.5184189219119006E-4,0.0,0.0,0.0,112.55270770511055,1.0
726.0,2.5184189219119006E-4,0.0,0.0,0.0,112.55270770511055,1.0
727.0,2.5184189219119006E-4,0.0,0.0,0.0,112.55270770511055,1.0
728.0,2.5184189219119006E-4,0.0,0.0,0.0,112.55270770511055,1.0
729.0,2.5184189219119006E-4,0.0,0.0,0.0,112.55270770511055,1.0
730.0,2.5184189219119006E-4,0.0,0.0,0.0,112.55270770511055,1.0
731.0,2.5184189219119006E-4,0.0,0.0,0.0,112.55270770511055,1.0
732.0,2.5184189219119006E-4,0.0,0.0,0.0,112.55270770511055,1.0
733.0,2.5184189219119006E-4,0.0,0.0,0.0,112.55270770511055,1.0
734.0,2.5184189219119006E-4,0.0,0.0,0.0,112.55270770511055,1.0
735.0,2.5184189219119006E-4,0.0,0.0,0.0,112.55270770511055,1.0
736.0,2.5184189219119006E-4,0.0,0.0,0.0,112.55270770511055,1.0
737.0,2.5184189219119006E-4,0.0,0.0,0.0,112.55270770511055,1.0
738.0,2.5184189219119006E-4,0.0,0.0,0.0,112.55270770511055,1.0
739.0,2.5184189219119006E-4,0.0,0.0,0.0,112.55270770511055,1.0
740.0,2.5184189219119006E-4,0.0,0.0,0.0,112.55270770511055,1.0
741.0,2.5184189219119006E-4,0.0,0.0,0.0,112.55270770511055,1.0
742.0,2.5184189219119006E-4,0.0,0.0,0.0,112.55270770511055,1.0
743.0,2.5184189219119006E-4,0.0,0.0,0.0,112.55270770511055,1.0
744.0,2.5184189219119006E-4,0.0,0.0,0.0,112.55270770511055,1.0
745.0,2.5184189219119006E-4,0.0,0.0,0.0,112.55270770511055,1.0
746.0,2.5184189219119006E-4,0.0,0.0,0.0,112.55270770511055,1.0
747.0,2.5184189219119006E-4,0.0,0.0,0.0,112.55270770511055,1.0
748.0,2.5184189219119006E-4,0.0,0.0,0.0,112.55270770511055,1.0
749.0,2.5184189219119006E-4,0.0,0.0,0.0,112.55270770511055,1.0
750.0,2.5184189219119006E-4,0.0,0.0,0.0,112.55270770511055,1.0
751.0,2.5184189219119006E-4,0.0,0.0,0.0,112.55270770511055,1.0
752.0,2.5184189219119006E-4,0.0,0.0,0.0,112.55270770511055,1.0
753.0,2.5184189219119006E-4,0.0,0.0,0.0,112.55270770511055,1.0
754.0,2.5184189219119006E-4,0.0,0.0,0.0,112.55270770511055,1.0
755.0,2.5184189219119006E-4,0.0,0.0,0.0,112.55270770511055,1.0
756.0,2.5184189219119006E-4,0.0,0.0,0.0,112.55270770511055,1.0
757.0,2.5184189219119006E-4,0.0,0.0,0.0,112.55270770511055,1.0
758.0,2.5184189219119006E-4,0.0,0.0,0.0,112.55270770511055,1.0
759.0,2.5184189219119006E-4,0.0,0.0,0.0,112.55270770511055,1.0
760.0,2.5184189219119006E-4,0.0,0.0,0.0,112.55270770511055,1.0
761.0,2.5184189219119006E-4,0.0,0.0,0.0,112.55270770511055,1.0
762.0,2.5184189219119006E-4,0.0,0.0,0.0,112.55270770511055,1.0
763.0,2.5184189219119006E-4,0.0,0.0,0.0,112.55270770511055,1.0
764.0,2.5184189219119006E-4,0.0,0.0,0.0,112.55270770511055,1.0
765.0,2.5184189219119006E-4,0.0,0.0,0.0,112.55270770511055,1.0
766.0,2.5184189219119006E-4,0.0,0.0,0.0,112.55270770511055,1.0
767.0,2.5184189219119006E-4,0.0,0.0,0.0,112.55270770511055,1.0
768.0,2.5184189219119006E-4,0.0,0.0,0.0,112.55270770511055,1.0
769.0,2.5184189219119006E-4,0.0,0.0,0.0,112.55270770511055,1.0
770.0,2.5184189219119006E-4,0.0,0.0,0.0,112.55270770511055,1.0
771.0,2.5184189219119006E-4,0.0,0.0,0.0,112.55270770511055,1.0
772.0,2.5184189219119006E-4,0.0,0.0,0.0,112.55270770511055,1.0
773.0,2.5184189219119006E-4,0.0,0.0,0.0,112.55270770511055,1.0
774.0,2.5184189219119006E-4,0.0,0.0,0.0,112.55270770511055,1.0
775.0,2.5184189219119006E-4,0.0,0.0,0.0,112.55270770511055,1.0
776.0,2.5184189219119006E-4,0.0,0.0,0.0,112.55270770511055,1.0
777.0,2.5184189219119006E-4,0.0,0.0,0.0,112.55270770511055,1.0
778.0,2.5184189219119006E-4,0.0,0.0,0.0,112.55270770511055,1.0
779.0,2.5184189219119006E-4,0.0,0.0,0.0,112.55270770511055,1.0
780.0,2.5184189219119006E-4,0.0,0.0,0.0,112.55270770511055,1.0
781.0,2.5184189219119006E-4,0.0,0.0,0.0,112.55270770511055,1.0
782.0,2.5184189219119006E-4,0.0,0.0,0.0,112.55270770511055,1.0
783.0,2.5184189219119006E-4,0.0,0.0,0.0,112.55270770511055,1.0
784.0,2.5184189219119006E-4,0.0,0.0,0.0,112.55270770511055,1.0
785.0,2.5184189219119006E-4,0.0,0.0,0.0,112.55270770511055,1.0
786.0,2.5184189219119006E-4,0.0,0.0,0.0,112.55270770511055,1.0
787.0,2.5184189219119006E-4,0.0,0.0,0.0,112.55270770511055,1.0
788.0,2.5184189219119006E-4,0.0,0.0,0.0,112.55270770511055,1.0
789.0,2.5184189219119006E-4,0.0,0.0,0.0,112.55270770511055,1.0
790.0,2.5184189219119006E-4,0.0,0.0,0.0,112.55270770511055,1.0
791.0,2.5184189219119006E-4,0.0,0.0,0.0,112.55270770511055,1.0
792.0,2.5184189219119006E-4,0.0,0.0,0.0,112.55270770511055,1.0
793.0,2.5184189219119006E-4,0.0,0.0,0.0,112.55270770511055,1.0
794.0,2.5184189219119006E-4,0.0,0.0,0.0,112.55270770511055,1.0
795.0,2.5184189219119006E-4,0.0,0.0,0.0,112.55270770511055,1.0
796.0,2.5184189219119006E-4,0.0,0.0,0.0,112.55270770511055,1.0
797.0,2.5184189219119006E-4,0.0,0.0,0.0,112.55270770511055,1.0
798.0,2.5184189219119006E-4,0.0,0.0,0.0,112.55270770511055,1.0
799.0,2.5184189219119006E-4,0.0,0.0,0.0,112.55270770511055,1.0
800.0,2.5184189219119006E-4,0.0,0.0,0.0,112.55270770511055,1.0
801.0,2.5184189219119006E-4,0.0,0.0,0.0,112.55270770511055,1.0
802.0,2.5184189219119006E-4,0.0,0.0,0.0,112.55270770511055,1.0
803.0,2.5184189219119006E-4,0.0,0.0,0.0,112.55270770511055,1.0
804.0,2.5184189219119006E-4,0.0,0.0,0.0,112.55270770511055,1.0
805.0,2.5184189219119006E-4,0.0,0.0,0.0,112.55270770511055,1.0
806.0,2.5184189219119006E-4,0.0,0.0,0.0,112.55270770511055,1.0
807.0,2.5184189219119006E-4,0.0,0.0,0.0,112.55270770511055,1.0
808.0,2.5184189219119006E-4,0.0,0.0,0.0,112.55270770511055,1.0
809.0,2.5184189219119006E-4,0.0,0.0,0.0,112.55270770511055,1.0
810.0,2.5184189219119006E-4,0.0,0.0,0.0,112.55270770511055,1.0
811.0,2.5184189219119006E-4,0.0,0.0,0.0,112.55270770511055,1.0
812.0,2.5184189219119006E-4,0.0,0.0,0.0,112.55270770511055,1.0
813.0,2.5184189219119006E-4,0.0,0.0,0.0,112.55270770511055,1.0
814.0,2.5184189219119006E-4,0.0,0.0,0.0,112.55270770511055,1.0
815.0,2.5184189219119006E-4,0.0,0.0,0.0,112.55270770511055,1.0
816.0,2.5184189219119006E-4,0.0,0.0,0.0,112.55270770511055,1.0
817.0,2.5184189219119006E-4,0.0,0.0,0.0,112.55270770511055,1.0
818.0,2.5184189219119006E-4,0.0,0.0,0.0,112.55270770511055,1.0
819.0,2.5184189219119006E-4,0.0,0.0,0.0,112.55270770511055,1.0
820.0,2.5184189219119006E-4,0.0,0.0,0.0,112.55270770511055,1.0
821.0,2.5184189219119006E-4,0.0,0.0,0.0,112.55270770511055,1.0
822.0,2.5184189219119006E-4,0.0,0.0,0.0,112.55270770511055,1.0
823.0,2.5184189219119006E-4,0.0,0.0,0.0,112.55270770511055,1.0
824.0,2.5184189219119006E-4,0.0,0.0,0.0,112.55270770511055,1.0
825.0,2.5184189219119006E-4,0.0,0.0,0.0,112.55270770511055,1.0
826.0,2.5184189219119006E-4,0.0,0.0,0.0,112.55270770511055,1.0
827.0,2.5184189219119006E-4,0.0,0.0,0.0,112.55270770511055,1.0
828.0,2.5184189219119006E-4,0.0,0.0,0.0,112.55270770511055,1.0
829.0,2.5184189219119006E-4,0.0,0.0,0.0,112.55270770511055,1.0
830.0,2.5184189219119006E-4,0.0,0.0,0.0,112.55270770511055,1.0
831.0,2.5184189219119006E-4,0.0,0.0,0.0,112.55270770511055,1.0
832.0,2.5184189219119006E-4,0.0,0.0,0.0,112.55270770511055,1.0
833.0,2.5184189219119006E-4,0.0,0.0,0.0,112.55270770511055,1.0
834.0,2.5184189219119006E-4,0.0,0.0,0.0,112.55270770511055,1.0
835.0,2.5184189219119006E-4,0.0,0.0,0.0,112.55270770511055,1.0
836.0,2.5184189219119006E-4,0.0,0.0,0.0,112.55270770511055,1.0
837.0,2.5184189219119006E-4,0.0,0.0,0.0,112.55270770511055,1.0
838.0,2.5184189219119006E-4,0.0,0.0,0.0,112.55270770511055,1.0
839.0,2.5184189219119006E-4,0.0,0.0,0.0,112.55270770511055,1.0
840.0,2.5184189219119006E-4,0.0,0.0,0.0,112.55270770511055,1.0
841.0,2.5184189219119006E-4,0.0,0.0,0.0,112.55270770511055,1.0
842.0,2.5184189219119006E-4,0.0,0.0,0.0,112.55270770511055,1.0
843.0,2.5184189219119006E-4,0.0,0.0,0.0,112.55270770511055,1.0
844.0,2.5184189219119006E-4,0.0,0.0,0.0,112.55270770511055,1.0
845.0,2.5184189219119006E-4,0.0,0.0,0.0,112.55270770511055,1.0
846.0,2.5184189219119006E-4,0.0,0.0,0.0,112.55270770511055,1.0
847.0,2.5184189219119006E-4,0.0,0.0,0.0,112.55270770511055,1.0
848.0,2.5184189219119006E-4,0.0,0.0,0.0,112.55270770511055,1.0
849.0,2.5184189219119006E-4,0.0,0.0,0.0,112.55270770511055,1.0
850.0,2.5184189219119006E-4,0.0,0.0,0.0,112.55270770511055,1.0
851.0,2.5184189219119006E-4,0.0,0.0,0.0,112.55270770511055,1.0
852.0,2.5184189219119006E-4,0.0,0.0,0.0,112.55270770511055,1.0
853.0,2.5184189219119006E-4,0.0,0.0,0.0,112.55270770511055,1.0
854.0,2.5184189219119006E-4,0.0,0.0,0.0,112.55270770511055,1.0
855.0,2.5184189219119006E-4,0.0,0.0,0.0,112.55270770511055,1.0
856.0,2.5184189219119006E-4,0.0,0.0,0.0,112.55270770511055,1.0
857.0,2.5184189219119006E-4,0.0,0.0,0.0,112.55270770511055,1.0
858.0,2.5184189219119006E-4,0.0,0.0,0.0,112.55270770511055,1.0
859.0,2.5184189219119006E-4,0.0,0.0,0.0,112.55270770511055,1.0
860.0,2.5184189219119006E-4,0.0,0.0,0.0,112.55270770511055,1.0
861.0,2.5184189219119006E-4,0.0,0.0,0.0,112.55270770511055,1.0
862.0,2.5184189219119006E-4,0.0,0.0,0.0,112.55270770511055,1.0
863.0,2.5184189219119006E-4,0.0,0.0,0.0,112.55270770511055,1.0
864.0,2.5184189219119006E-4,0.0,0.0,0.0,112.55270770511055,1.0
865.0,2.5184189219119006E-4,0.0,0.0,0.0,112.55270770511055,1.0
866.0,2.5184189219119006E-4,0.0,0.0,0.0,112.55270770511055,1.0
867.0,2.5184189219119006E-4,0.0,0.0,0.0,112.55270770511055,1.0
868.0,2.5184189219119006E-4,0.0,0.0,0.0,112.55270770511055,1.0
869.0,2.5184189219119006E-4,0.0,0.0,0.0,112.55270770511055,1.0
870.0,2.5184189219119006E-4,0.0,0.0,0.0,112.55270770511055,1.0
871.0,2.5184189219119006E-4,0.0,0.0,0.0,112.55270770511055,1.0
872.0,2.5184189219119006E-4,0.0,0.0,0.0,112.55270770511055,1.0
873.0,2.5184189219119006E-4,0.0,0.0,0.0,112.55270770511055,1.0
874.0,2.5184189219119006E-4,0.0,0.0,0.0,112.55270770511055,1.0
875.0,2.5184189219119006E-4,0.0,0.0,0.0,112.55270770511055,1.0
876.0,2.5184189219119006E-4,0.0,0.0,0.0,112.55270770511055,1.0
877.0,2.5184189219119006E-4,0.0,0.0,0.0,112.55270770511055,1.0
878.0,2.5184189219119006E-4,0.0,0.0,0.0,112.55270770511055,1.0
879.0,2.5184189219119006E-4,0.0,0.0,0.0,112.55270770511055,1.0
880.0,2.5184189219119006E-4,0.0,0.0,0.0,112.55270770511055,1.0
881.0,2.5184189219119006E-4,0.0,0.0,0.0,112.55270770511055,1.0
882.0,2.5184189219119006E-4,0.0,0.0,0.0,112.55270770511055,1.0
883.0,2.5184189219119006E-4,0.0,0.0,0.0,112.55270770511055,1.0
884.0,2.5184189219119006E-4,0.0,0.0,0.0,112.55270770511055,1.0
885.0,2.5184189219119006E-4,0.0,0.0,0.0,112.55270770511055,1.0
886.0,2.5184189219119006E-4,0.0,0.0,0.0,112.55270770511055,1.0
887.0,2.5184189219119006E-4,0.0,0.0,0.0,112.55270770511055,1.0
888.0,2.5184189219119006E-4,0.0,0.0,0.0,112.55270770511055,1.0
889.0,2.5184189219119006E-4,0.0,0.0,0.0,112.55270770511055,1.0
890.0,2.5184189219119006E-4,0.0,0.0,0.0,112.55270770511055,1.0
891.0,2.5184189219119006E-4,0.0,0.0,0.0,112.55270770511055,1.0
892.0,2.5184189219119006E-4,0.0,0.0,0.0,112.55270770511055,1.0
893.0,2.5184189219119006E-4,0.0,0.0,0.0,112.55270770511055,1.0
894.0,2.5184189219119006E-4,0.0,0.0,0.0,112.55270770511055,1.0
895.0,2.5184189219119006E-4,0.0,0.0,0.0,112.55270770511055,1.0
896.0,2.5184189219119006E-4,0.0,0.0,0.0,112.55270770511055,1.0
897.0,2.5184189219119006E-4,0.0,0.0,0.0,112.55270770511055,1.0
898.0,2.5184189219119006E-4,0.0,0.0,0.0,112.55270770511055,1.0
899.0,2.5184189219119006E-4,0.0,0.0,0.0,112.55270770511055,1.0
900.0,2.5184189219119006E-4,0.0,0.0,0.0,112.55270770511055,1.0
901.0,2.5184189219119006E-4,0.0,0.0,0.0,112.55270770511055,1.0
902.0,2.5184189219119006E-4,0.0,0.0,0.0,112.55270770511055,1.0
903.0,2.5184189219119006E-4,0.0,0.0,0.0,112.55270770511055,1.0
904.0,2.5184189219119006E-4,0.0,0.0,0.0,112.55270770511055,1.0
905.0,2.5184189219119006E-4,0.0,0.0,0.0,112.55270770511055,1.0
906.0,2.5184189219119006E-4,0.0,0.0,0.0,112.55270770511055,1.0
907.0,2.5184189219119006E-4,0.0,0.0,0.0,112.55270770511055,1.0
908.0,2.5184189219119006E-4,0.0,0.0,0.0,112.55270770511055,1.0
909.0,2.5184189219119006E-4,0.0,0.0,0.0,112.55270770511055,1.0
910.0,2.5184189219119006E-4,0.0,0.0,0.0,112.55270770511055,1.0
911.0,2.5184189219119006E-4,0.0,0.0,0.0,112.55270770511055,1.0
912.0,2.5184189219119006E-4,0.0,0.0,0.0,112.55270770511055,1.0
913.0,2.5184189219119006E-4,0.0,0.0,0.0,112.55270770511055,1.0
914.0,2.5184189219119006E-4,0.0,0.0,0.0,112.55270770511055,1.0
915.0,2.5184189219119006E-4,0.0,0.0,0.0,112.55270770511055,1.0
916.0,2.5184189219119006E-4,0.0,0.0,0.0,112.55270770511055,1.0
917.0,2.5184189219119006E-4,0.0,0.0,0.0,112.55270770511055,1.0
918.0,2.5184189219119006E-4,0.0,0.0,0.0,112.55270770511055,1.0
919.0,2.5184189219119006E-4,0.0,0.0,0.0,112.55270770511055,1.0
920.0,2.5184189219119006E-4,0.0,0.0,0.0,112.55270770511055,1.0
921.0,2.5184189219119006E-4,0.0,0.0,0.0,112.55270770511055,1.0
922.0,2.5184189219119006E-4,0.0,0.0,0.0,112.55270770511055,1.0
923.0,2.5184189219119006E-4,0.0,0.0,0.0,112.55270770511055,1.0
924.0,2.5184189219119006E-4,0.0,0.0,0.0,112.55270770511055,1.0
925.0,2.5184189219119006E-4,0.0,0.0,0.0,112.55270770511055,1.0
926.0,2.5184189219119006E-4,0.0,0.0,0.0,112.55270770511055,1.0
927.0,2.5184189219119006E-4,0.0,0.0,0.0,112.55270770511055,1.0
928.0,2.5184189219119006E-4,0.0,0.0,0.0,112.55270770511055,1.0
929.0,2.5184189219119006E-4,0.0,0.0,0.0,112.55270770511055,1.0
930.0,2.5184189219119006E-4,0.0,0.0,0.0,112.55270770511055,1.0
931.0,2.5184189219119006E-4,0.0,0.0,0.0,112.55270770511055,1.0
932.0,2.5184189219119006E-4,0.0,0.0,0.0,112.55270770511055,1.0
933.0,2.5184189219119006E-4,0.0,0.0,0.0,112.55270770511055,1.0
934.0,2.5184189219119006E-4,0.0,0.0,0.0,112.55270770511055,1.0
935.0,2.5184189219119006E-4,0.0,0.0,0.0,112.55270770511055,1.0
936.0,2.5184189219119006E-4,0.0,0.0,0.0,112.55270770511055,1.0
937.0,2.5184189219119006E-4,0.0,0.0,0.0,112.55270770511055,1.0
938.0,2.5184189219119006E-4,0.0,0.0,0.0,112.55270770511055,1.0
939.0,2.5184189219119006E-4,0.0,0.0,0.0,112.55270770511055,1.0
940.0,2.5184189219119006E-4,0.0,0.0,0.0,112.55270770511055,1.0
941.0,2.5184189219119006E-4,0.0,0.0,0.0,112.55270770511055,1.0
942.0,2.5184189219119006E-4,0.0,0.0,0.0,112.55270770511055,1.0
943.0,2.5184189219119006E-4,0.0,0.0,0.0,112.55270770511055,1.0
944.0,2.5184189219119006E-4,0.0,0.0,0.0,112.55270770511055,1.0
945.0,2.5184189219119006E-4,0.0,0.0,0.0,112.55270770511055,1.0
946.0,2.5184189219119006E-4,0.0,0.0,0.0,112.55270770511055,1.0
947.0,2.5184189219119006E-4,0.0,0.0,0.0,112.55270770511055,1.0
948.0,2.5184189219119006E-4,0.0,0.0,0.0,112.55270770511055,1.0
949.0,2.5184189219119006E-4,0.0,0.0,0.0,112.55270770511055,1.0
950.0,2.5184189219119006E-4,0.0,0.0,0.0,112.55270770511055,1.0
951.0,2.5184189219119006E-4,0.0,0.0,0.0,112.55270770511055,1.0
952.0,2.5184189219119006E-4,0.0,0.0,0.0,112.55270770511055,1.0
953.0,2.5184189219119006E-4,0.0,0.0,0.0,112.55270770511055,1.0
954.0,2.5184189219119006E-4,0.0,0.0,0.0,112.55270770511055,1.0
955.0,2.5184189219119006E-4,0.0,0.0,0.0,112.55270770511055,1.0
956.0,2.5184189219119006E-4,0.0,0.0,0.0,112.55270770511055,1.0
957.0,2.5184189219119006E-4,0.0,0.0,0.0,112.55270770511055,1.0
958.0,2.5184189219119006E-4,0.0,0.0,0.0,112.55270770511055,1.0
959.0,2.5184189219119006E-4,0.0,0.0,0.0,112.55270770511055,1.0
960.0,2.5184189219119006E-4,0.0,0.0,0.0,112.55270770511055,1.0
961.0,2.5184189219119006E-4,0.0,0.0,0.0,112.55270770511055,1.0
962.0,2.5184189219119006E-4,0.0,0.0,0.0,112.55270770511055,1.0
963.0,2.5184189219119006E-4,0.0,0.0,0.0,112.55270770511055,1.0
964.0,2.5184189219119006E-4,0.0,0.0,0.0,112.55270770511055,1.0
965.0,2.5184189219119006E-4,0.0,0.0,0.0,112.55270770511055,1.0
966.0,2.5184189219119006E-4,0.0,0.0,0.0,112.55270770511055,1.0
967.0,2.5184189219119006E-4,0.0,0.0,0.0,112.55270770511055,1.0
968.0,2.5184189219119006E-4,0.0,0.0,0.0,112.55270770511055,1.0
969.0,2.5184189219119006E-4,0.0,0.0,0.0,112.55270770511055,1.0
970.0,2.5184189219119006E-4,0.0,0.0,0.0,112.55270770511055,1.0
971.0,2.5184189219119006E-4,0.0,0.0,0.0,112.55270770511055,1.0
972.0,2.5184189219119006E-4,0.0,0.0,0.0,112.55270770511055,1.0
973.0,2.5184189219119006E-4,0.0,0.0,0.0,112.55270770511055,1.0
974.0,2.5184189219119006E-4,0.0,0.0,0.0,112.55270770511055,1.0
975.0,2.5184189219119006E-4,0.0,0.0,0.0,112.55270770511055,1.0
976.0,2.5184189219119006E-4,0.0,0.0,0.0,112.55270770511055,1.0
977.0,2.5184189219119006E-4,0.0,0.0,0.0,112.55270770511055,1.0
978.0,2.5184189219119006E-4,0.0,0.0,0.0,112.55270770511055,1.0
979.0,2.5184189219119006E-4,0.0,0.0,0.0,112.55270770511055,1.0
980.0,2.5184189219119006E-4,0.0,0.0,0.0,112.55270770511055,1.0
981.0,2.5184189219119006E-4,0.0,0.0,0.0,112.55270770511055,1.0
982.0,2.5184189219119006E-4,0.0,0.0,0.0,112.55270770511055,1.0
983.0,2.5184189219119006E-4,0.0,0.0,0.0,112.55270770511055,1.0
984.0,2.5184189219119006E-4,0.0,0.0,0.0,112.55270770511055,1.0
985.0,2.5184189219119006E-4,0.0,0.0,0.0,112.55270770511055,1.0
986.0,2.5184189219119006E-4,0.0,0.0,0.0,112.55270770511055,1.0
987.0,2.5184189219119006E-4,0.0,0.0,0.0,112.55270770511055,1.0
988.0,2.5184189219119006E-4,0.0,0.0,0.0,112.55270770511055,1.0
989.0,2.5184189219119006E-4,0.0,0.0,0.0,112.55270770511055,1.0
990.0,2.5184189219119006E-4,0.0,0.0,0.0,112.55270770511055,1.0
991.0,2.5184189219119006E-4,0.0,0.0,0.0,112.55270770511055,1.0
992.0,2.5184189219119006E-4,0.0,0.0,0.0,112.55270770511055,1.0
993.0,2.5184189219119006E-4,0.0,0.0,0.0,112.55270770511055,1.0
994.0,2.5184189219119006E-4,0.0,0.0,0.0,112.55270770511055,1.0
995.0,2.5184189219119006E-4,0.0,0.0,0.0,112.55270770511055,1.0
996.0,2.5184189219119006E-4,0.0,0.0,0.0,112.55270770511055,1.0
997.0,2.5184189219119006E-4,0.0,0.0,0.0,112.55270770511055,1.0
998.0,2.5184189219119006E-4,0.0,0.0,0.0,112.55270770511055,1.0
999.0,2.5184189219119006E-4,0.0,0.0,0.0,112.55270770511055,1.0
1000.0,2.5184189219119006E-4,0.0,0.0,0.0,112.55270770511055,1.0
