Wavelength,"EBFP2 (EX)","EBFP2 (EM)","EYFP (EX)","EYFP (EM)","T-Sapphire (EX)","T-Sapphire (EM)","CFP (Tsien) (AB)","CFP (Tsien) (EM)","mCitrine (AB)","mCitrine (EM)","mRFP1.4 (AB)","mRFP1.4 (EM)","EGFPm (Tsien) (AB)","EGFPm (Tsien) (EM)","mCherry (AB)","mCherry (EM)","mOrange (AB)","mOrange (EM)","DsRed (EX)","DsRed (EM)","E2-Crimson (EX)","E2-Crimson (EM)","NirFP (AB)","NirFP (EM)",
250.00,,,,,,,,,,,,,,,,,,,,0.6363840000,,,,,
251.00,,,,,,,,,,,,,,,,,,,,0.6620140000,,,,,
252.00,,,,,,,,,,,,,,,,,,,,0.6898810000,,,,,
253.00,,,,,,,,,,,,,,,,,,,,0.7181080000,,,,,
254.00,,,,,,,,,,,,,,,,,,,,0.7497140000,,,,,
255.00,,,,,,,,,,,,,,,,,,,,0.7800830000,,,,,
256.00,,,,,,,,,,,,,,,,,,,,0.8140940000,,,,,
257.00,,,,,,,,,,,,,,,,,,,,0.8479740000,,,,,
258.00,,,,,,,,,,,,,,,,,,,,0.8808040000,,,,,
259.00,,,,,,,,,,,,,,,,,,,,0.9099870000,,,,,
260.00,,,,,,,,,,,,,,,,,,,,0.9277060000,,,,,
261.00,,,,,,,,,,,,,,,,,,,,0.9412410000,,,,,
262.00,,,,,,,,,,,,,,,,,,,,0.9478710000,,,,,
263.00,,,,,,,,,,,,,,,,,,,,0.9492060000,,,,,
264.00,,,,,,,,,,,,,,,,,,,,0.9489570000,,,,,
265.00,,,,,,,,,,,,,,,,,,,,0.9449050000,,,,,
266.00,,,,,,,,,,,,,,,,,,,,0.9387160000,,,,,
267.00,,,,,,,,,,,,,,,,,,,,0.9297970000,,,,,
268.00,,,,,,,,,,,,,,,,,,,,0.9251960000,,,,,
269.00,,,,,,,,,,,,,,,,,,,,0.9196790000,,,,,
270.00,,,,,,,,,,,,,,,,,,,,0.9156370000,,,,,
271.00,,,,,,,,,,,,,,,,,,,,0.9123460000,,,,,
272.00,,,,,,,,,,,,,,,,,,,,0.9156380000,,,,,
273.00,,,,,,,,,,,,,,,,,,,,0.9222070000,,,,,
274.00,,,,,,,,,,,,,,,,,,,,0.9298600000,,,,,
275.00,,,,,,,,,,,,,,,,,,,,0.9370420000,,,,,
276.00,,,,,,,,,,,,,,,,,,,,0.9402740000,,,,,
277.00,,,,,,,,,,,,,,,,,,,,0.9400720000,,,,,
278.00,,,,,,,,,,,,,,,,,,,,0.9372130000,,,,,
279.00,,,,,,,,,,,,,,,,,,,,0.9286150000,,,,,
280.00,,,,,,,,,,,,,,,,,,,,0.9180490000,,,,,
281.00,,,,,,,,,,,,,,,,,,,,0.9090080000,,,,,
282.00,,,,,,,,,,,,,,,,,,,,0.9045080000,,,,,
283.00,,,,,,,,,,,,,,,,,,,,0.8981230000,,,,,
284.00,,,,,,,,,,,,,,,,,,,,0.8822430000,,,,,
285.00,,,,,,,,,,,,,,,,,,,,0.8437260000,,,,,
286.00,,,,,,,,,,,,,,,,,,,,0.7877240000,,,,,
287.00,,,,,,,,,,,,,,,,,,,,0.7240950000,,,,,
288.00,,,,,,,,,,,,,,,,,,,,0.6677110000,,,,,
289.00,,,,,,,,,,,,,,,,,,,,0.6295400000,,,,,
290.00,,,,,,,,,,,,,,,,,,,,0.6029920000,,,,,
291.00,,,,,,,,,,,,,,,,,,,,0.5810670000,,,,,
292.00,,,,,,,,,,,,,,,,,,,,0.5497210000,,,,,
293.00,,,,,,,,,,,,,,,,,,,,0.5111520000,,,,,
294.00,,,,,,,,,,,,,,,,,,,,0.4672210000,,,,,
295.00,,,,,,,,,,,,,,,,,,,,0.4255300000,,,,,
296.00,,,,,,,,,,,,,,,,,,,,0.3867870000,,,,,
297.00,,,,,,,,,,,,,,,,,,,,0.3518460000,,,,,
298.00,,,,,,,,,,,,,,,,,,,,0.3221910000,,,,,
299.00,,,,,,,,,,,,,,,,,,,,0.2963150000,,,,,
300.00,0.1320000000,,,,,0.1510000000,,0.0590000000,,0.2610000000,,,,,,,,,,0.2772100000,,0.0960000000,,,
301.00,0.1180000000,,,,,0.1390000000,,0.0520000000,,0.2380000000,,,,,,,,,,0.2588140000,,0.0870000000,,,
302.00,0.1060000000,,,,,0.1300000000,,0.0500000000,,0.2160000000,,,,,,,,,,0.2438360000,,0.0800000000,,,
303.00,0.1040000000,,,,,0.1220000000,,0.0460000000,,0.1950000000,,,,,,,,,,0.2311530000,,0.0740000000,,,
304.00,0.1300000000,,,,,0.1150000000,,0.0440000000,,0.1770000000,,,,,,,,,,0.2199970000,,0.0670000000,,,
305.00,0.1630000000,,,,,0.1100000000,,0.0390000000,,0.1600000000,,,,,,,,,,0.2096390000,,0.0610000000,,,
306.00,0.1610000000,,,,,0.1070000000,,0.0360000000,,0.1470000000,,,,,,,,,,0.2018000000,,0.0580000000,,,
307.00,0.1100000000,,,,,0.1050000000,,0.0340000000,,0.1350000000,,,,,,,,,,0.1960320000,,0.0540000000,,,
308.00,0.0670000000,,,,,0.1050000000,,0.0330000000,,0.1280000000,,,,,,,,,,0.1932810000,,0.0530000000,,,
309.00,0.0570000000,,,,,0.1070000000,,0.0300000000,,0.1180000000,,,,,,,,,,0.1911770000,,0.0490000000,,,
310.00,0.0550000000,,,,,0.1100000000,,0.0300000000,,0.1120000000,,,,,,,,,,0.1900590000,,0.0490000000,,,
311.00,0.0540000000,,,,,0.1130000000,,0.0290000000,,0.1080000000,,,,,,,,,,0.1908760000,,0.0470000000,,,
312.00,0.0540000000,,,,,0.1170000000,,0.0270000000,,0.1010000000,,,,,,,,,,0.1936690000,,0.0460000000,,,
313.00,0.0550000000,,,,,0.1200000000,,0.0270000000,,0.0970000000,,,,,,,,,,0.1933790000,,0.0450000000,,,
314.00,0.0540000000,,,,,0.1230000000,,0.0270000000,,0.0940000000,,,,,,,,,,0.1966310000,,0.0440000000,,,
315.00,0.0560000000,,,,,0.1260000000,,0.0260000000,,0.0910000000,,,,,,,,,,0.1987910000,,0.0450000000,,,
316.00,0.0580000000,,,,,0.1280000000,,0.0260000000,,0.0870000000,,,,,,,,,,0.2028770000,,0.0440000000,,,
317.00,0.0600000000,,,,,0.1320000000,,0.0250000000,,0.0840000000,,,,,,,,,,0.2057280000,,0.0420000000,,,
318.00,0.0630000000,,,,,0.1350000000,,0.0250000000,,0.0820000000,,,,,,,,,,0.2119350000,,0.0410000000,,,
319.00,0.0660000000,,,,,0.1390000000,,0.0250000000,,0.0800000000,,,,,,,,,,0.2152980000,,0.0400000000,,,
320.00,0.0710000000,,,,,0.1430000000,,0.0240000000,,0.0790000000,,,,,,,,,,0.2193100000,,0.0390000000,,,
321.00,0.0750000000,,,,,0.1480000000,,0.0250000000,,0.0770000000,,,,,,,,,,0.2230510000,,0.0380000000,,,
322.00,0.0810000000,,,0.1497740460,,0.1540000000,,0.0240000000,,0.0740000000,,,,,,,,,,0.2281590000,,0.0350000000,,,
323.00,0.0860000000,,,0.1620400220,,0.1610000000,,0.0240000000,,0.0730000000,,,,,,,,,,0.2316880000,,0.0350000000,,,
324.00,0.0920000000,,,0.1710780840,,0.1680000000,,0.0230000000,,0.0720000000,,,,,,,,,,0.2369360000,,0.0350000000,,,
325.00,0.0980000000,,,0.1768883300,,0.1750000000,,0.0230000000,,0.0710000000,,0.2806900000,,,,,,,,0.2388580000,,0.0350000000,,,
326.00,0.1040000000,,,0.1788250790,,0.1800000000,,0.0230000000,,0.0690000000,,0.2872600000,,,,,,,,0.2451840000,,0.0320000000,,,
327.00,0.1080000000,,,0.1775339130,,0.1830000000,,0.0230000000,,0.0680000000,,0.2947100000,,,,,,,,0.2469360000,,0.0320000000,,,
328.00,0.1150000000,,,0.1697869180,,0.1840000000,,0.0240000000,,0.0670000000,,0.3024600000,,,,,,,,0.2490770000,,0.0320000000,,,
329.00,0.1190000000,,,0.1749515810,,0.1820000000,,0.0220000000,,0.0650000000,,0.3117000000,,,,,,,,0.2511890000,,0.0300000000,,,
330.00,0.1240000000,,,0.1814074110,,0.1760000000,,0.0220000000,,0.0640000000,,0.3213300000,,,,,,,,0.2538540000,,0.0310000000,,,
331.00,0.1290000000,,,0.1904454720,,0.1690000000,,0.0220000000,,0.0640000000,,0.3316700000,,,,,,,,0.2575400000,,0.0300000000,,,
332.00,0.1340000000,,,0.1923822210,,0.1580000000,,0.0220000000,,0.0610000000,,0.3428800000,,,,,,,,0.2605540000,,0.0300000000,,,
333.00,0.1380000000,,,0.1923822210,,0.1460000000,,0.0230000000,,0.0610000000,,0.3548900000,,,,,,,,0.2616220000,,0.0320000000,,,
334.00,0.1440000000,,,0.1814074110,,0.1340000000,,0.0240000000,,0.0620000000,,0.3676600000,,,,,,,,0.2649570000,,0.0310000000,,,
335.00,0.1510000000,,,0.1710780840,,0.1220000000,,0.0220000000,,0.0600000000,,0.3804200000,,,,,,,,0.2668970000,,0.0300000000,,,
336.00,0.1590000000,,,0.1865719750,,0.1120000000,,0.0240000000,,0.0600000000,,0.3939100000,,,,,,,,0.2699130000,,0.0320000000,,,
337.00,0.1690000000,,,0.2046481970,,0.1030000000,,0.0240000000,,0.0610000000,,0.4084600000,,,,,,,,0.2723360000,,0.0320000000,,,
338.00,0.1780000000,,,0.2117495100,,0.0940000000,,0.0240000000,,0.0590000000,,0.4226700000,,,,,,,,0.2734330000,,0.0330000000,,,
339.00,0.1910000000,,,0.2098127610,,0.0860000000,,0.0230000000,,0.0600000000,,0.4375800000,,,,,,,,0.2745800000,,0.0330000000,,,
340.00,0.2000000000,,,0.2123950930,,0.0800000000,,0.0250000000,,0.0600000000,,0.4533300000,,,,,,,,0.2720820000,,0.0350000000,,,
341.00,0.2130000000,,,0.2369270450,,0.0740000000,,0.0240000000,,0.0600000000,,0.4697200000,,,,,,,,0.2697020000,,0.0350000000,,,
342.00,0.2200000000,,,0.2427372920,,0.0690000000,,0.0250000000,,0.0600000000,,0.4872900000,,,,,,,,0.2640180000,,0.0360000000,,,
343.00,0.2270000000,,,0.2485474380,,0.0650000000,,0.0240000000,,0.0600000000,,0.5032500000,,,,,,,,0.2572160000,,0.0360000000,,,
344.00,0.2280000000,,,0.2569399170,,0.0620000000,,0.0250000000,,0.0600000000,,0.5221500000,,,,,,,,0.2454200000,,0.0370000000,,,
345.00,0.2250000000,,,0.2659780780,,0.0580000000,,0.0250000000,,0.0610000000,,0.5394500000,,,,,,,,0.2333180000,,0.0400000000,,,
346.00,0.2170000000,,,0.2795352200,,0.0560000000,,0.0250000000,,0.0620000000,,0.5573600000,,,,,,,,0.2190330000,,0.0410000000,,,
347.00,0.2070000000,,,0.2956746940,,0.0530000000,,0.0250000000,,0.0620000000,,0.5763200000,,,,,,,,0.2052390000,,0.0430000000,,,
348.00,0.1940000000,,,0.3221432950,,0.0510000000,,0.0230000000,,0.0620000000,,0.5938300000,,,,,,,,0.1947460000,,0.0440000000,,,
349.00,0.1810000000,,,0.3395739350,,0.0490000000,,0.0230000000,,0.0610000000,,0.6120900000,,,,,,,,0.1803640000,,0.0470000000,,,
350.00,0.1700000000,,,0.3492575800,,0.0470000000,,0.0220000000,,0.0630000000,,0.6307200000,,,0.1514158630,,,,,0.1698470000,,0.0490000000,,0.0484100000,
351.00,0.1580000000,,,0.3576501580,,0.0450000000,,0.0190000000,,0.0620000000,,0.6491600000,,,0.1459571470,,,,,0.1596590000,,0.0480000000,,0.0483100000,
352.00,0.1500000000,,,0.3724983660,,0.0430000000,,0.0220000000,,0.0650000000,,0.6680500000,,,0.1440502050,,,,,0.1546540000,,0.0510000000,,0.0483700000,
353.00,0.1410000000,,,0.3821820100,,0.0410000000,,0.0230000000,,0.0710000000,,0.6858600000,,,0.1371933960,,,,,0.1475770000,,0.0570000000,,0.0490200000,
354.00,0.1360000000,,,0.3886378400,,0.0390000000,,0.0230000000,,0.0680000000,,0.7040700000,,,0.1268100770,,,,,0.1439500000,,0.0540000000,,0.0497100000,
355.00,0.1320000000,,,0.3957391530,,0.0360000000,,0.0200000000,,0.0680000000,,0.7234100000,,,0.1281196390,,,,,0.1398730000,,0.0560000000,,0.0494300000,
356.00,0.1290000000,,,0.4034861480,,0.0340000000,,0.0190000000,,0.0710000000,,0.7417300000,,,0.1260922350,,,,,0.1375380000,,0.0590000000,,0.0504300000,
357.00,0.1260000000,,,0.4138153750,,0.0320000000,,0.0210000000,,0.0740000000,,0.7606900000,,,0.1190286330,,,,,0.1358570000,,0.0620000000,,0.0508000000,
358.00,0.1250000000,,,0.4351194130,,0.0300000000,,0.0210000000,,0.0760000000,,0.7803900000,,,0.1199111440,,,,,0.1343310000,,0.0650000000,,0.0514000000,
359.00,0.1240000000,,,0.4732085070,,0.0280000000,,0.0190000000,,0.0780000000,,0.8045700000,,,0.1175089740,,,,,0.1342560000,,0.0660000000,,0.0514000000,
360.00,0.1230000000,,,0.4867656490,,0.0260000000,,0.0220000000,,0.0780000000,,0.8312700000,,,0.1182923210,,,,,0.1339780000,,0.0680000000,,0.0514000000,
361.00,0.1230000000,,,0.4990316260,,0.0240000000,,0.0200000000,,0.0820000000,,0.8563800000,,,0.1188209450,,,,,0.1348800000,,0.0720000000,,0.0514000000,
362.00,0.1220000000,,,0.5196900800,,0.0220000000,,0.0190000000,,0.0830000000,,0.8710000000,,,0.1186715190,,,,,0.1346960000,,0.0730000000,,0.0514000000,
363.00,0.1220000000,,,0.5332472220,,0.0200000000,,0.0190000000,,0.0850000000,,0.8720000000,,,0.1150854910,,,,,0.1360110000,,0.0760000000,,0.0514000000,
364.00,0.1210000000,,,0.5532601940,,0.0190000000,,0.0190000000,,0.0890000000,,0.8775000000,,,0.1176728100,,,,,0.1360050000,,0.0800000000,,0.0514000000,
365.00,0.1200000000,,,0.5726275830,,0.0180000000,,0.0190000000,,0.0920000000,,0.8880900000,,,0.1176038230,,,,,0.1372190000,,0.0810000000,,0.0514000000,
366.00,0.1200000000,,,0.5952226860,,0.0170000000,,0.0170000000,,0.0950000000,,0.9051600000,,,0.1183215270,,,,,0.1377550000,,0.0840000000,,0.0514000000,
367.00,0.1190000000,,,0.6107165770,,0.0160000000,,0.0160000000,,0.0990000000,,0.9209300000,,,0.1175889140,,,,,0.1382070000,,0.0880000000,,0.0514000000,
368.00,0.1180000000,,,0.6268560510,,0.0150000000,,0.0170000000,,0.1010000000,,0.9360400000,,,0.1190643840,,,,,0.1386690000,,0.0910000000,,0.0519100000,
369.00,0.1160000000,,,0.6494512540,,0.0150000000,,0.0160000000,,0.1060000000,,0.9465900000,,,0.1169193630,,,,,0.1395800000,,0.0920000000,,0.0532200000,
370.00,0.1150000000,,,0.6804390360,,0.0140000000,,0.0150000000,,0.1100000000,,0.9548100000,,,0.1183732770,,,,,0.1413640000,,0.0960000000,,0.0534000000,
371.00,0.1140000000,,,0.7101356520,,0.0130000000,,0.0160000000,,0.1160000000,,0.9616500000,,,0.1148971040,,,,,0.1413240000,,0.0980000000,,0.0534100000,
372.00,0.1120000000,,,0.7269206090,,0.0120000000,,0.0150000000,,0.1200000000,,0.9672300000,,,0.1152813590,,,,,0.1430430000,,0.1000000000,,0.0534400000,
373.00,0.1110000000,,,0.7366042540,,0.0120000000,,0.0140000000,,0.1250000000,,0.9733300000,,,0.1137032500,,,,,0.1430310000,,0.1010000000,,0.0536300000,
374.00,0.1090000000,,,0.7501613960,,0.0110000000,,0.0140000000,,0.1310000000,,0.9795600000,,,0.1163911790,,,,,0.1438910000,,0.1080000000,,0.0540900000,
375.00,0.1050000000,,,0.7663008700,,0.0100000000,,0.0140000000,,0.1370000000,,0.9840400000,,,0.1130248410,,,,,0.1435330000,,0.1100000000,,0.0547100000,
376.00,0.1030000000,,,0.7908328220,,0.0090000000,,0.0140000000,,0.1430000000,,0.9885500000,,,0.1149156760,,,,,0.1444420000,,0.1120000000,,0.0545900000,
377.00,0.1000000000,,,0.8082634620,,0.0080000000,,0.0150000000,,0.1510000000,,0.9933900000,,,0.1145910250,,,,,0.1437510000,,0.1160000000,,0.0550600000,
378.00,0.0980000000,,,0.8244028360,,0.0070000000,,0.0140000000,,0.1580000000,,0.9977100000,,,0.1151539270,,,,,0.1443070000,,0.1170000000,,0.0560500000,
379.00,0.0940000000,,,0.8469981390,,0.0060000000,,0.0150000000,,0.1670000000,,0.9997000000,,,0.1119391910,,,,,0.1437670000,,0.1220000000,,0.0555700000,
380.00,0.0900000000,,,0.8644286790,,0.0050000000,,0.0140000000,,0.1740000000,0.0045900000,1.0000000000,,,0.1095574240,,,,,0.1429240000,,0.1250000000,,0.0557300000,
381.00,0.0870000000,,,0.8818592190,,0.0040000000,,0.0140000000,,0.1820000000,0.0044000000,0.9992100000,,,0.1134469420,,,,,0.1419910000,,0.1270000000,,0.0565800000,
382.00,0.0820000000,,,0.8921885460,,0.0040000000,,0.0140000000,,0.1910000000,0.0042000000,0.9979500000,,,0.1068606090,,,,,0.1406860000,,0.1300000000,,0.0571900000,
383.00,0.0790000000,,,0.9031633560,,0.0030000000,,0.0140000000,,0.2010000000,0.0086700000,0.9916900000,,,0.1065997590,,,,,0.1394110000,,0.1320000000,,0.0571900000,
384.00,0.0760000000,,,0.9051001050,,0.0030000000,,0.0140000000,,0.2100000000,0.0101600000,0.9844400000,,,0.1064054980,,,,,0.1373470000,,0.1350000000,,0.0586100000,
385.00,0.0710000000,,,0.9051001050,,0.0020000000,,0.0140000000,,0.2190000000,0.0149200000,0.9716400000,,,0.1063524320,,,,,0.1357780000,,0.1360000000,,0.0581800000,
386.00,0.0670000000,,,0.9225306450,,0.0020000000,,0.0140000000,,0.2300000000,0.0144100000,0.9569400000,,,0.1003869430,,,,,0.1334870000,,0.1390000000,,0.0591300000,
387.00,0.0640000000,,,0.9399612850,,0.0020000000,,0.0150000000,,0.2410000000,0.0265600000,0.9395700000,,,0.0954303480,,,,,0.1314010000,,0.1430000000,,0.0602500000,
388.00,0.0600000000,,,0.9477081810,,0.0020000000,,0.0150000000,,0.2510000000,0.0278300000,0.9186400000,,,0.0958190320,,,,,0.1298110000,,0.1440000000,,0.0603000000,
389.00,0.0570000000,,,0.9541640100,,0.0020000000,,0.0150000000,,0.2620000000,0.0376500000,0.8956700000,,,0.0919497710,,,,,0.1271010000,,0.1470000000,,0.0594300000,
390.00,0.0550000000,,,0.9573919250,,0.0010000000,,0.0150000000,,0.2730000000,0.0454900000,0.8728500000,,,0.0871977850,,,,,0.1259620000,,0.1480000000,,0.0595400000,
391.00,0.0520000000,,,0.9593286740,,0.0010000000,,0.0140000000,,0.2860000000,0.0663500000,0.8488600000,,,0.0860031050,,,,,0.1227780000,,0.1510000000,,0.0614600000,
392.00,0.0500000000,,,0.9715946500,,0.0010000000,,0.0150000000,,0.2980000000,0.0760900000,0.8244700000,,,0.0797548650,,,,,0.1210740000,,0.1540000000,,0.0619600000,
393.00,0.0460000000,,,0.9922531040,,0.0010000000,,0.0150000000,,0.3110000000,0.0976700000,0.7987200000,,,0.0788560200,,,,,0.1184710000,,0.1560000000,,0.0603900000,
394.00,0.0450000000,,,0.9961265020,,0.0010000000,,0.0150000000,,0.3250000000,0.1234700000,0.7754700000,,,0.0759255620,,,,,0.1168010000,,0.1580000000,,0.0589000000,
395.00,0.0420000000,,,0.9967720850,,0.0010000000,,0.0150000000,,0.3390000000,0.1477000000,0.7521500000,,,0.0727944710,,,,,0.1146670000,,0.1600000000,,0.0589900000,
396.00,0.0400000000,,,0.9980632510,,0.0020000000,,0.0150000000,,0.3540000000,0.1842700000,0.7298700000,,,0.0681306300,,,,,0.1126450000,,0.1620000000,,0.0597100000,
397.00,0.0390000000,,,1.0000000000,,0.0020000000,,0.0160000000,,0.3690000000,0.2176200000,0.7092700000,,,0.0671191870,,,,,0.1102670000,,0.1650000000,,0.0600500000,
398.00,0.0360000000,,,1.0000000000,,0.0020000000,,0.0160000000,,0.3850000000,0.2537900000,0.6871300000,,,0.0648428300,,,,,0.1081510000,,0.1650000000,,0.0604700000,
399.00,0.0330000000,,,1.0000000000,,0.0020000000,,0.0160000000,,0.4020000000,0.2873000000,0.6648400000,,,0.0618649630,,,,,0.1061870000,,0.1670000000,,0.0568700000,
400.00,0.0310000000,,,0.9909619390,,0.0020000000,,0.0160000000,,0.4190000000,0.3293900000,0.6432200000,,,0.0590949200,,,0.0300645410,,0.1034760000,,0.1680000000,,0.0571900000,
401.00,0.0290000000,,,0.9845062090,,0.0020000000,,0.0170000000,,0.4360000000,0.3746000000,0.6212500000,,,0.0577444730,,,0.0283502940,,0.1002820000,,0.1680000000,,0.0574800000,
402.00,0.0270000000,,,0.9690123180,,0.0020000000,,0.0170000000,,0.4550000000,0.4114500000,0.5980600000,,,0.0540634190,,,0.0270561720,,0.0982850000,,0.1700000000,,0.0574800000,
403.00,0.0250000000,,,0.9425436170,,0.0020000000,,0.0170000000,,0.4730000000,0.4443800000,0.5737400000,,,0.0551097660,,,0.0263699630,,0.0959340000,,0.1700000000,,0.0562400000,
404.00,0.0220000000,,,0.9322143900,,0.0020000000,,0.0170000000,,0.4900000000,0.4733800000,0.5472200000,,,0.0507602790,,,0.0254196540,,0.0930080000,,0.1710000000,,0.0574200000,
405.00,0.0200000000,,,0.9264041430,,0.0020000000,,0.0180000000,,0.5090000000,0.5150600000,0.5180600000,,,0.0486368680,,,0.0238940810,,0.0898300000,,0.1730000000,,0.0571700000,
406.00,0.0170000000,,,0.9147837500,,0.0030000000,,0.0180000000,,0.5270000000,0.5273100000,0.4881400000,,,0.0462998070,,,0.0236222180,,0.0866760000,,0.1730000000,,0.0544700000,
407.00,0.0160000000,,,0.8979986930,,0.0030000000,,0.0180000000,,0.5450000000,0.5644200000,0.4564700000,,,0.0443681740,,,0.0223016430,,0.0834590000,,0.1740000000,,0.0526100000,
408.00,0.0130000000,,,0.8779858210,,0.0030000000,,0.0190000000,,0.5620000000,0.5843500000,0.4244800000,,,0.0444008900,,,0.0211134240,,0.0802400000,,0.1760000000,,0.0551500000,
409.00,0.0120000000,,,0.8547450350,,0.0030000000,,0.0190000000,,0.5800000000,0.6075200000,0.3908800000,,,0.0404305680,,,0.0201952380,,0.0765490000,,0.1770000000,,0.0537700000,
410.00,0.0100000000,,,0.8224661870,,0.0030000000,,0.0180000000,,0.5970000000,0.6250300000,0.3583100000,,,0.0372286590,,,0.0196939030,,0.0736890000,,0.1780000000,,0.0524700000,
411.00,0.0090000000,,,0.7985797180,,0.0030000000,,0.0180000000,,0.6140000000,0.6531200000,0.3262000000,,,0.0352498670,,,0.0190267170,,0.0696110000,,0.1800000000,,0.0517200000,
412.00,0.0070000000,,,0.7850225750,,0.0040000000,,0.0180000000,,0.6300000000,0.6623300000,0.2957300000,,,0.0323655580,,,0.0183109820,,0.0665870000,,0.1820000000,,0.0522400000,
413.00,0.0070000000,,,0.7734021820,,0.0040000000,,0.0190000000,,0.6470000000,0.6754200000,0.2676500000,,,0.0310818140,,,0.0172953650,,0.0631810000,,0.1840000000,,0.0509600000,
414.00,0.0060000000,,,0.7488702300,,0.0040000000,,0.0180000000,,0.6630000000,0.6946300000,0.2414300000,,,0.0302664640,,,0.0165372960,,0.0601210000,,0.1860000000,,0.0478400000,
415.00,0.0050000000,,,0.7288573580,,0.0040000000,,0.0190000000,,0.6800000000,0.7118600000,0.2188200000,,,0.0272159950,,,0.0162192980,,0.0571360000,,0.1880000000,,0.0480300000,
416.00,0.0040000000,,,0.7114267180,,0.0050000000,,0.0190000000,,0.6980000000,0.7321700000,0.1984200000,,,0.0244997400,,,0.0153792300,,0.0546100000,,0.1900000000,,0.0471500000,
417.00,0.0040000000,,,0.6868947660,,0.0050000000,,0.0190000000,,0.7160000000,0.7478100000,0.1810100000,,,0.0225678520,,,0.0150557640,,0.0521630000,,0.1930000000,,0.0451000000,
418.00,0.0040000000,,,0.6668818940,,0.0050000000,,0.0200000000,,0.7350000000,0.7467000000,0.1668800000,,,0.0209235880,,,0.0150009580,,0.0493720000,,0.1970000000,,0.0448000000,
419.00,0.0030000000,,,0.6455777570,,0.0060000000,,0.0200000000,,0.7540000000,0.7675300000,0.1551800000,,,0.0198174790,,,0.0145232530,,0.0475760000,,0.1990000000,,0.0435000000,
420.00,0.0030000000,,,0.6242737190,,0.0060000000,,0.0210000000,,0.7720000000,0.7794800000,0.1452200000,,,0.0185348680,,,0.0140454520,,0.0459660000,,0.2030000000,,0.0428300000,
421.00,0.0030000000,,,0.5919948710,,0.0060000000,,0.0200000000,,0.7930000000,0.7964900000,0.1362600000,,,0.0166087870,,,0.0141222770,,0.0442500000,,0.2050000000,,0.0425300000,
422.00,0.0030000000,,,0.5700452510,,0.0070000000,,0.0210000000,,0.8130000000,0.7963800000,0.1275000000,,,0.0153096510,,,0.0135190990,,0.0429580000,,0.2080000000,,0.0390200000,
423.00,0.0030000000,,,0.5468043640,,0.0070000000,,0.0210000000,,0.8340000000,0.8194900000,0.1226300000,,,0.0151549300,,,0.0140123820,,0.0414130000,,0.2110000000,,0.0368000000,
424.00,0.0030000000,,,0.5029051230,,0.0080000000,,0.0210000000,,0.8550000000,0.8268200000,0.1174700000,,,0.0122257210,,,0.0131863350,,0.0404380000,,0.2150000000,,0.0350700000,
425.00,0.0030000000,,,0.4693351100,,0.0080000000,,0.0220000000,,0.8760000000,0.8369800000,0.1134800000,,,0.0124527680,,,0.0133151560,,0.0396570000,,0.2180000000,,0.0355800000,
426.00,0.0030000000,,,0.4422208250,,0.0080000000,,0.0220000000,,0.8960000000,0.8552000000,,,,0.0125389330,,,0.0135684760,,0.0394510000,,0.2220000000,,0.0350200000,
427.00,0.0030000000,,,0.4060684800,,0.0090000000,,0.0220000000,,0.9160000000,0.8710500000,,,,0.0112622750,,,0.0135718960,,0.0391480000,,0.2250000000,,0.0352500000,
428.00,0.0030000000,,,0.3867010910,,0.0090000000,,0.0230000000,,0.9330000000,0.8743200000,,,,0.0116043700,,,0.0134219500,,0.0390590000,,0.2300000000,,0.0332600000,
429.00,0.0030000000,,,0.3666882190,,0.0100000000,,0.0230000000,,0.9490000000,0.8890400000,,,,0.0107654300,,,0.0134323830,,0.0393110000,,0.2350000000,,0.0344400000,
430.00,0.0040000000,,,0.3376371860,,0.0110000000,,0.0240000000,,0.9650000000,0.9028900000,,,,0.0098839990,,,0.0136440480,,0.0396510000,,0.2410000000,,0.0337000000,
431.00,0.0040000000,,,0.2937379450,,0.0110000000,,0.0240000000,,0.9760000000,0.9327800000,,,,0.0106730480,,,0.0142379280,,0.0404220000,,0.2460000000,,0.0304400000,
432.00,0.0040000000,,,0.2679148270,,0.0120000000,,0.0240000000,,0.9860000000,0.9303800000,,,,0.0116868900,,,0.0141380940,,0.0407580000,,0.2520000000,,0.0301700000,
433.00,0.0040000000,,,0.2446740410,,0.0130000000,,0.0250000000,0.0040000000,0.9940000000,0.9525100000,,,,0.0109990840,,,0.0143285330,,0.0417670000,,0.2580000000,,0.0355100000,
434.00,0.0050000000,,,0.2162685900,,0.0140000000,,0.0260000000,0.0040000000,0.9980000000,0.9589800000,,,,0.0109966670,,,0.0142221810,,0.0423360000,,0.2660000000,,0.0329100000,
435.00,0.0050000000,,,0.1981923680,,0.0150000000,,0.0270000000,0.0040000000,1.0000000000,0.9652200000,,,,0.0111297020,,,0.0148379080,,0.0440370000,,0.2740000000,,0.0327700000,
436.00,0.0050000000,,,0.1749515810,,0.0160000000,,0.0270000000,0.0060000000,1.0000000000,0.9714700000,,,,0.0110074040,,,0.0148225640,,0.0450080000,,0.2830000000,,0.0349500000,
437.00,0.0050000000,,,0.1517107950,,0.0170000000,,0.0280000000,0.0040000000,0.9970000000,0.9883200000,,,,0.0107298840,,,0.0148588740,,0.0463970000,,0.2920000000,,0.0351100000,
438.00,0.0060000000,,,0.1329889890,,0.0180000000,,0.0290000000,0.0050000000,0.9940000000,0.9956200000,,,,0.0104487160,,,0.0148647160,,0.0473050000,,0.3020000000,,0.0364700000,
439.00,0.0060000000,,,0.1226597620,,0.0190000000,,0.0310000000,0.0050000000,0.9900000000,0.9982300000,,,,0.0113358200,,,0.0152550490,,0.0493340000,,0.3140000000,,0.0381900000,
440.00,0.0060000000,,,0.1110393690,,0.0200000000,,0.0320000000,0.0070000000,0.9840000000,1.0000000000,,,,0.0112205030,,,0.0148571100,,0.0507520000,,0.3250000000,,0.0397100000,
441.00,0.0070000000,,,0.0981278290,,0.0210000000,,0.0340000000,0.0070000000,0.9790000000,0.9973000000,,,,0.0116397300,,,0.0153787940,,0.0533090000,,0.3370000000,,0.0447100000,
442.00,0.0070000000,,,0.0897353210,,0.0230000000,,0.0350000000,0.0080000000,0.9730000000,0.9978700000,,,,0.0118503020,,,0.0152715900,,0.0550460000,,0.3500000000,,0.0433400000,
443.00,0.0080000000,,,0.0800516470,,0.0240000000,,0.0370000000,0.0090000000,0.9680000000,0.9978900000,,,,0.0104487160,,,0.0154069990,,0.0569040000,,0.3630000000,,0.0461100000,
444.00,0.0080000000,,,0.0723047210,,0.0250000000,,0.0390000000,0.0110000000,0.9650000000,0.9851700000,,,,0.0112884100,,,0.0159651380,,0.0592870000,,0.3770000000,,0.0481400000,
445.00,0.0090000000,,,0.0593931620,,0.0270000000,,0.0400000000,0.0130000000,0.9620000000,0.9855200000,,,,0.0111747770,,,0.0167076480,,0.0613000000,,0.3920000000,,0.0505200000,
446.00,0.0090000000,,,0.0490639150,,0.0280000000,,0.0430000000,0.0160000000,0.9600000000,0.9646200000,,,,0.0111369600,,,0.0164433880,,0.0639330000,,0.4070000000,,0.0538800000,
447.00,0.0100000000,,,0.0413169790,,0.0300000000,,0.0460000000,0.0190000000,0.9590000000,0.9684400000,,,,0.0118503020,,,0.0171923250,,0.0667370000,,0.4230000000,,0.0560300000,
448.00,0.0100000000,,,0.0393802400,,0.0320000000,,0.0480000000,0.0230000000,0.9600000000,0.9551100000,,,,0.0119652700,,,0.0172984020,,0.0691440000,,0.4390000000,,0.0600500000,
449.00,0.0110000000,,,0.0413169790,,0.0340000000,,0.0510000000,0.0290000000,0.9600000000,0.9437500000,,,,0.0119003540,,,0.0173005790,,0.0732490000,,0.4560000000,,0.0630800000,
450.00,0.0120000000,,,0.0413169790,,0.0350000000,,0.0540000000,0.0350000000,0.9620000000,0.9319400000,,0.1186458000,,0.0134978620,,,0.0176472920,,0.0762950000,,0.4730000000,,0.0641700000,
451.00,0.0120000000,,,0.0413169790,,0.0370000000,,0.0570000000,0.0430000000,0.9620000000,0.9220300000,,0.1227806000,,0.0133856510,,,0.0172721440,,0.0799880000,,0.4900000000,,0.0678200000,
452.00,0.0130000000,,,0.0413169790,,0.0390000000,,0.0610000000,0.0540000000,0.9620000000,0.9105600000,,0.1280845000,,0.0148828360,,,0.0174833150,,0.0837470000,,0.5080000000,,0.0725300000,
453.00,0.0140000000,,,0.0393802400,,0.0410000000,,0.0640000000,0.0660000000,0.9600000000,0.8906500000,,0.1324125000,,0.0144904160,,,0.0185711970,,0.0877190000,,0.5250000000,,0.0753300000,
454.00,0.0150000000,,,0.0400258230,,0.0440000000,,0.0660000000,0.0820000000,0.9560000000,0.8962100000,,0.1368355000,,0.0148142880,,,0.0181545730,,0.0920820000,,0.5430000000,,0.0791000000,
455.00,0.0160000000,,,0.0490639150,,0.0460000000,,0.0700000000,0.1010000000,0.9490000000,0.8684800000,,0.1420295000,,0.0147613150,,,0.0188670490,,0.0971740000,,0.5610000000,,0.0842700000,
456.00,0.0160000000,,,0.0490639150,,0.0490000000,,0.0730000000,0.1240000000,0.9400000000,0.8628500000,,0.1474354000,,0.0153496500,,,0.0191207500,,0.1020140000,,0.5790000000,,0.0860200000,
457.00,0.0170000000,,,0.0490639150,,0.0510000000,,0.0760000000,0.1490000000,0.9260000000,0.8462700000,,0.1523941000,,0.0155157030,,,0.0205331110,,0.1080050000,,0.5950000000,,0.0920100000,
458.00,0.0180000000,,,0.0419625620,,0.0540000000,,0.0800000000,0.1790000000,0.9080000000,0.8284800000,,0.1569870000,,0.0158967150,,,0.0199086340,,0.1136500000,,0.6120000000,,0.0961500000,
459.00,0.0200000000,,,0.0342156270,,0.0570000000,,0.0840000000,0.2140000000,0.8850000000,0.8099400000,,0.1622000000,,0.0159763070,,,0.0199032180,,0.1202360000,,0.6280000000,,0.0991300000,
460.00,0.0210000000,,,0.0316333150,,0.0600000000,,0.0880000000,0.2590000000,0.8570000000,0.8044500000,,0.1684377000,,0.0163867150,,,0.0206728280,,0.1270300000,,0.6440000000,,0.1032000000,
461.00,0.0220000000,,,0.0355067830,,0.0630000000,,0.0930000000,0.3050000000,0.8250000000,0.7696800000,,0.1759329000,,0.0168607770,,,0.0210002160,,0.1335890000,,0.6600000000,,0.1081100000,
462.00,0.0230000000,,,0.0374435110,,0.0670000000,,0.0980000000,0.3590000000,0.7880000000,0.7580900000,,0.1822611000,,0.0176872250,,,0.0207319460,,0.1411270000,,0.6740000000,,0.1132300000,
463.00,0.0250000000,,,0.0374435110,,0.0700000000,,0.1030000000,0.4170000000,0.7470000000,0.7505300000,,0.1857620000,,0.0183493100,,,0.0208982790,,0.1487510000,0.0030000000,0.6890000000,,0.1204400000,
464.00,0.0250000000,,,0.0380890840,,0.0740000000,,0.1080000000,0.4750000000,0.7030000000,0.7290700000,,0.1909081000,,0.0202234520,,,0.0206596460,,0.1566670000,0.0030000000,0.7020000000,,0.1270500000,
465.00,0.0270000000,,,0.0400258230,,0.0790000000,,0.1150000000,0.5370000000,0.6560000000,0.7068200000,,0.1972351000,,0.0197840220,,,0.0218209190,,0.1645770000,0.0030000000,0.7150000000,,0.1332500000,
466.00,0.0290000000,,,0.0413169790,,0.0830000000,,0.1210000000,0.6000000000,0.6080000000,0.6922700000,,0.2100846000,,0.0211584940,,,0.0219636040,,0.1723080000,0.0040000000,0.7280000000,,0.1394500000,
467.00,0.0300000000,,,0.0413169790,,0.0870000000,,0.1280000000,0.6650000000,0.5590000000,0.6684600000,,0.2172677000,,0.0229629850,,,0.0224083810,,0.1803440000,0.0040000000,0.7400000000,,0.1478400000,
468.00,0.0310000000,,,0.0413169790,,0.0910000000,,0.1360000000,0.7300000000,0.5120000000,0.6595500000,,0.2207070000,,0.0231614630,,,0.0227549070,,0.1882210000,0.0050000000,0.7520000000,,0.1581800000,
469.00,0.0330000000,,,0.0393802400,,0.0960000000,,0.1450000000,0.7850000000,0.4660000000,0.6320400000,,0.2278070000,,0.0246326790,,,0.0228857800,,0.1961040000,0.0060000000,0.7650000000,,0.1669700000,
470.00,0.0340000000,,,0.0413169790,,0.1020000000,,0.1550000000,0.8410000000,0.4210000000,0.6253300000,,0.2348217000,,0.0252393960,,,0.0229108380,,0.2036070000,0.0070000000,0.7770000000,,0.1785000000,
471.00,0.0360000000,,,0.0477727590,,0.1070000000,,0.1660000000,0.8910000000,0.3790000000,0.5991200000,,0.2408371000,,0.0276821990,,,0.0240448920,,0.2101560000,0.0090000000,0.7890000000,,0.1904200000,
472.00,0.0380000000,,,0.0490639150,,0.1140000000,,0.1780000000,0.9300000000,0.3400000000,0.5779000000,,0.2507091000,,0.0283732730,,,0.0242788980,,0.2164450000,0.0100000000,0.8020000000,,0.2036600000,
473.00,0.0390000000,,,0.0490639150,,0.1180000000,,0.1910000000,0.9590000000,0.3040000000,0.5586900000,,0.2582220000,,0.0301830260,,,0.0252918920,,0.2231930000,0.0120000000,0.8140000000,,0.2173900000,
474.00,0.0410000000,,,0.0432537180,,0.1220000000,,0.2060000000,0.9710000000,0.2720000000,0.5372800000,,0.2646301000,,0.0324509350,,,0.0263765540,,0.2284110000,0.0150000000,0.8290000000,,0.2319400000,
475.00,0.0420000000,,,0.0355067830,,0.1290000000,,0.2200000000,0.9950000000,0.2430000000,0.5243000000,,0.2737851000,,0.0330206100,,,0.0266862960,,0.2337460000,0.0180000000,0.8420000000,,0.2474500000,
476.00,0.0440000000,,,0.0316333150,,0.1340000000,,0.2350000000,0.9970000000,0.2170000000,0.5009200000,,0.2802520000,,0.0355135840,,,0.0273023690,,0.2393580000,0.0220000000,0.8560000000,,0.2617400000,
477.00,0.0460000000,,,0.0355067830,,0.1390000000,,0.2510000000,1.0000000000,0.1930000000,0.4842200000,,0.2866881000,,0.0371817660,,,0.0280996000,,0.2441510000,0.0270000000,0.8710000000,,0.2786600000,
478.00,0.0490000000,,,0.0374435110,,0.1440000000,,0.2650000000,0.9930000000,0.1730000000,0.4679200000,,0.2937617000,,0.0382647930,,,0.0287750050,,0.2494650000,0.0320000000,0.8850000000,,0.2929400000,
479.00,0.0500000000,,,0.0374435110,,0.1490000000,,0.2810000000,0.9860000000,0.1550000000,0.4631700000,,0.3007810000,,0.0401209040,,,0.0296427910,,0.2554310000,0.0380000000,0.9000000000,,0.3080500000,
480.00,0.0530000000,,,0.0374435110,,0.1530000000,,0.2940000000,0.9680000000,0.1380000000,0.4407700000,,0.3076321000,,0.0427145170,,,0.0313411270,,0.2620670000,0.0460000000,0.9150000000,,0.3209100000,
481.00,0.0560000000,,,0.0413169790,,0.1570000000,,0.3070000000,0.9530000000,0.1240000000,0.4230100000,,0.3115055000,,0.0467907410,,,0.0327706890,,0.2687180000,0.0550000000,0.9290000000,,0.3327700000,
482.00,0.0580000000,,,0.0413169790,,0.1620000000,,0.3180000000,0.9370000000,0.1110000000,0.4161200000,,0.3172041000,,0.0466618050,,,0.0334821060,,0.2773170000,0.0650000000,0.9440000000,,0.3429200000,
483.00,0.0610000000,,,0.0413169790,,0.1670000000,,0.3270000000,0.9200000000,0.0990000000,0.3997000000,,0.3215662000,,0.0507036300,,,0.0338558880,,0.2856700000,0.0780000000,0.9570000000,,0.3523600000,
484.00,0.0630000000,,,0.0413169790,,0.1710000000,0.0020000000,0.3350000000,0.9060000000,0.0890000000,0.3821100000,,0.3260890000,,0.0508994560,,,0.0341461310,,0.2963780000,0.0920000000,0.9690000000,,0.3622100000,
485.00,0.0660000000,,,0.0393802400,,0.1770000000,0.0020000000,0.3410000000,0.8960000000,0.0790000000,0.3703500000,,0.3294132000,0.0120113000,0.0549745910,0.0013309070,,0.0353798780,,0.3070700000,0.1090000000,0.9790000000,,0.3660000000,
486.00,0.0690000000,,,0.0413169790,,0.1830000000,0.0020000000,0.3470000000,0.8830000000,0.0700000000,0.3635000000,,0.3321277000,0.0132171800,0.0575868130,0.0013456250,,0.0354178060,,0.3194440000,0.1270000000,0.9890000000,,0.3708100000,
487.00,0.0730000000,,,0.0471271760,,0.1880000000,0.0020000000,0.3510000000,0.8750000000,0.0610000000,0.3493500000,,0.3330888000,0.0149617900,0.0586703550,0.0013957770,,0.0355271400,,0.3326060000,0.1480000000,0.9940000000,,0.3758000000,
488.00,0.0760000000,,,0.0490639150,,0.1960000000,0.0020000000,0.3540000000,0.8680000000,0.0540000000,0.3388600000,,0.3371239000,0.0169297100,0.0613073320,0.0013895700,,0.0367617970,,0.3469690000,0.1720000000,0.9980000000,,0.3808800000,
489.00,0.0810000000,,,0.0490639150,,0.2020000000,0.0030000000,0.3580000000,0.8590000000,0.0480000000,0.3393000000,,0.3387559000,0.0186966500,0.0648111310,0.0014840740,,0.0381371830,,0.3625500000,0.1980000000,1.0000000000,,0.3848500000,
490.00,0.0840000000,,,0.0419625620,,0.2100000000,0.0030000000,0.3620000000,0.8520000000,0.0420000000,0.3208600000,,0.3429846000,0.0207427300,0.0664977680,0.0015175930,,0.0396248940,,0.3791230000,0.2270000000,0.9970000000,0.0029100000,0.3904100000,
491.00,0.0890000000,,,0.0355067830,,0.2190000000,0.0030000000,0.3670000000,0.8560000000,0.0370000000,0.3165500000,,0.3495140000,0.0229255900,0.0714879060,0.0015759550,,0.0415306770,,0.3963420000,0.2590000000,0.9910000000,0.0015800000,0.3954600000,
492.00,0.0930000000,,0.1324300000,0.0316333150,,0.2250000000,0.0030000000,0.3730000000,0.8620000000,0.0330000000,0.3030200000,,0.3533182000,0.0248823400,0.0715158330,0.0015858920,,0.0425324330,,0.4139890000,0.2950000000,0.9800000000,0.0045200000,0.4018600000,
493.00,0.0970000000,,0.1763600000,,,0.2340000000,0.0040000000,0.3790000000,0.8600000000,0.0280000000,0.2979800000,,0.3565467000,0.0271238200,0.0745954520,0.0016618740,,0.0437354010,,0.4326780000,0.3310000000,0.9640000000,0.0073200000,0.4116400000,
494.00,0.1010000000,,0.2403100000,,,0.2450000000,0.0050000000,0.3880000000,0.8660000000,0.0250000000,0.2884100000,,0.3602087000,0.0296444300,0.0782704890,0.0018016300,,0.0435568760,,0.4512160000,0.3710000000,0.9440000000,0.0089800000,0.4199000000,
495.00,0.1060000000,,0.3049100000,,,0.2560000000,0.0050000000,0.3980000000,0.8740000000,0.0220000000,0.2800400000,,0.3678736000,0.0315453600,0.0813997000,0.0019904910,,0.0471252540,,0.4703370000,0.4160000000,0.9190000000,0.0074700000,0.4316000000,
496.00,0.1120000000,,0.3934100000,,,0.2690000000,0.0060000000,0.4090000000,0.8790000000,0.0180000000,0.2719200000,,0.3736607000,0.0336807700,0.0840057690,0.0020953340,,0.0483095100,,0.4889520000,0.4600000000,0.8900000000,0.0116400000,0.4467900000,
497.00,0.1170000000,,0.4515500000,,,0.2820000000,0.0080000000,0.4220000000,0.8800000000,0.0160000000,0.2656200000,,0.3810813000,0.0351378700,0.0857397830,0.0021607000,,0.0504506800,,0.5067660000,0.5090000000,0.8560000000,0.0128300000,0.4594600000,
498.00,0.1220000000,,0.5180900000,,,0.2960000000,0.0090000000,0.4380000000,0.8870000000,0.0140000000,0.2537700000,,0.3895141000,0.0368908500,0.0893135740,0.0025006640,,0.0539402850,,0.5232030000,0.5590000000,0.8190000000,0.0120700000,0.4794800000,
499.00,0.1270000000,,0.5839800000,,,0.3110000000,0.0110000000,0.4560000000,0.8950000000,0.0120000000,0.2470600000,,0.3978010000,0.0379990300,0.0932129700,0.0027739250,,0.0550578000,,0.5370670000,0.6100000000,0.7780000000,0.0205600000,0.5011600000,
500.00,0.1330000000,,0.6589200000,,0.0010000000,0.3270000000,0.0140000000,0.4760000000,0.8980000000,0.0120000000,0.2420200000,,0.4096009000,0.0380799800,0.0977676940,0.0031673140,,0.0564623280,0.0035610000,0.5496630000,0.6650000000,0.7350000000,0.0214600000,0.5233900000,
501.00,0.1370000000,,0.7073600000,,0.0010000000,0.3440000000,0.0170000000,0.5000000000,0.9050000000,0.0100000000,0.2300900000,,0.4193375000,0.0398441300,0.1009612250,0.0035506090,,0.0599013980,0.0031950000,0.5578800000,0.7180000000,0.6870000000,0.0299600000,0.5514500000,
502.00,0.1420000000,,0.7564600000,,0.0010000000,0.3610000000,0.0200000000,0.5270000000,0.9040000000,0.0100000000,0.2270900000,,0.4312219000,0.0398943700,0.1049992780,0.0040251670,,0.0634582750,0.0035500000,0.5636710000,0.7670000000,0.6400000000,0.0351300000,0.5811900000,
503.00,0.1480000000,,0.8255800000,,0.0010000000,0.3780000000,0.0260000000,0.5570000000,0.9040000000,0.0080000000,0.2213700000,,0.4430127000,0.0406564200,0.1079747620,0.0045197800,,0.0675624280,0.0031920000,0.5650390000,0.8160000000,0.5910000000,0.0423400000,0.6142300000,
504.00,0.1520000000,,0.8662800000,,0.0010000000,0.3950000000,0.0320000000,0.5920000000,0.9040000000,0.0090000000,0.2107800000,,0.4547238000,0.0413570600,0.1144337990,0.0051673820,,0.0685337900,0.0033370000,0.5624410000,0.8620000000,0.5430000000,0.0524500000,0.6498000000,
505.00,0.1590000000,,0.9076200000,,0.0010000000,0.4130000000,0.0400000000,0.6290000000,0.8920000000,0.0070000000,0.2087500000,,0.4670944000,0.0403493700,0.1183932300,0.0058330930,,0.0731896620,0.0031810000,0.5552930000,0.9030000000,0.4930000000,0.0654600000,0.6902900000,
506.00,0.1640000000,,0.9328200000,,0.0010000000,0.4290000000,0.0500000000,0.6710000000,0.8910000000,0.0070000000,0.2017300000,,0.4813282000,0.0389397200,0.1226590470,0.0066467150,,0.0751353880,0.0035600000,0.5445440000,0.9350000000,0.4460000000,0.0833400000,0.7313300000,
507.00,0.1690000000,,0.9670500000,,0.0010000000,0.4450000000,0.0640000000,0.7150000000,0.8720000000,0.0060000000,0.1953200000,,0.4956718000,0.0386689600,0.1284026580,0.0075042660,,0.0804813760,0.0030080000,0.5284830000,0.9660000000,0.4000000000,0.1029000000,0.7741600000,
508.00,0.1750000000,,0.9825600000,,0.0010000000,0.4590000000,0.0790000000,0.7610000000,0.8600000000,0.0060000000,0.1913000000,,0.5108128000,0.0382028000,0.1331636750,0.0085042290,,0.0817517580,0.0032570000,0.5097090000,0.9880000000,0.3550000000,0.1228300000,0.8186200000,
509.00,0.1800000000,,0.9967700000,,0.0010000000,0.4720000000,0.1000000000,0.8090000000,0.8450000000,0.0060000000,0.1844100000,,0.5245551000,0.0372425700,0.1369054580,0.0096131850,,0.0855182460,0.0031810000,0.4887450000,0.9990000000,0.3140000000,0.1584900000,0.8607700000,
510.00,0.1870000000,,1.0000000000,,0.0010000000,0.4830000000,0.1230000000,0.8550000000,0.8280000000,0.0060000000,0.1766300000,,0.5377816000,0.0365335500,0.1452050410,0.0107081550,,0.0904333600,0.0035200000,0.4647450000,1.0000000000,0.2750000000,0.1964000000,0.9017800000,
511.00,0.1910000000,,1.0000000000,,0.0020000000,0.4910000000,0.1530000000,0.8990000000,0.8100000000,0.0060000000,0.1734500000,,0.5525690000,0.0349341000,0.1502457880,0.0119206330,,0.0935713340,0.0029560000,0.4417230000,1.0000000000,0.2380000000,0.2347900000,0.9389800000,
512.00,0.1980000000,,0.9980600000,,0.0020000000,0.4980000000,0.1870000000,0.9370000000,0.7870000000,0.0050000000,0.1707900000,,0.5662450000,0.0334965400,0.1564758710,0.0131938110,,0.0944700330,0.0033330000,0.4185170000,0.9890000000,0.2040000000,0.2856900000,0.9672800000,
513.00,0.2040000000,,0.9928900000,,0.0020000000,0.5030000000,0.2270000000,0.9690000000,0.7650000000,0.0060000000,0.1652700000,,0.5791072000,0.0312411000,0.1619710590,0.0144294740,,0.1003997020,0.0032710000,0.3961150000,0.9700000000,0.1750000000,0.3409200000,0.9890900000,
514.00,0.2090000000,,0.9735100000,,0.0020000000,0.5060000000,0.2720000000,0.9900000000,0.7430000000,0.0050000000,0.1621400000,,0.5900350000,0.0305432600,0.1701614260,0.0155409490,,0.1023320170,0.0032410000,0.3753630000,0.9410000000,0.1470000000,0.3997100000,1.0000000000,
515.00,0.2170000000,,0.9534900000,,0.0030000000,0.5070000000,0.3220000000,1.0000000000,0.7190000000,0.0050000000,0.1507000000,,0.5997538000,0.0300743100,0.1759279530,0.0168985970,,0.1073266030,0.0031100000,0.3577710000,0.9060000000,0.1230000000,0.4630100000,0.9988500000,
516.00,0.2250000000,,0.9244200000,,0.0030000000,0.5080000000,0.3810000000,0.9960000000,0.6950000000,0.0050000000,0.1498500000,,0.6110764000,0.0280589300,0.1800155350,0.0177178290,,0.1133978340,0.0034410000,0.3425470000,0.8710000000,0.1010000000,0.5270700000,0.9848700000,
517.00,0.2320000000,,0.8766200000,,0.0030000000,0.5080000000,0.4430000000,0.9770000000,0.6720000000,0.0050000000,0.1441100000,,0.6189439000,0.0278216600,0.1851613180,0.0185690510,,0.1179667370,0.0033610000,0.3305350000,0.8340000000,0.0840000000,0.5953700000,0.9583700000,
518.00,0.2390000000,,0.8410900000,,0.0030000000,0.5060000000,0.5120000000,0.9440000000,0.6530000000,0.0050000000,0.1373600000,,0.6261724000,0.0256192700,0.1949535720,0.0197580720,,0.1226446930,0.0033050000,0.3210010000,0.7930000000,0.0690000000,0.6689200000,0.9199900000,
519.00,0.2480000000,,0.8062000000,,0.0030000000,0.5050000000,0.5810000000,0.8980000000,0.6320000000,0.0040000000,0.1342600000,,0.6346225000,0.0248683900,0.1985066890,0.0201122460,,0.1259626810,0.0032450000,0.3140360000,0.7510000000,0.0550000000,0.7272300000,0.8706500000,
520.00,0.2570000000,,0.7525800000,,0.0030000000,0.5050000000,0.6470000000,0.8420000000,0.6110000000,0.0040000000,0.1341700000,,0.6407209000,0.0243240700,0.2051455250,0.0211097030,,0.1293606220,0.0032900000,0.3100270000,0.7150000000,0.0450000000,0.7981800000,0.8119300000,
521.00,0.2660000000,,0.7157600000,,0.0040000000,0.5060000000,0.7150000000,0.7760000000,0.5930000000,0.0040000000,0.1281400000,,0.6447891000,0.0229786200,0.2092049300,0.0215137230,,0.1322185630,0.0032620000,0.3080820000,0.6800000000,0.0360000000,0.8610700000,0.7468200000,
522.00,0.2750000000,,0.6821700000,,0.0040000000,0.5080000000,0.7810000000,0.7060000000,0.5740000000,0.0050000000,0.1204700000,,0.6491809000,0.0221105100,0.2152017740,0.0220480850,,0.1389997470,0.0037020000,0.3093580000,0.6500000000,0.0310000000,0.9027600000,0.6780100000,
523.00,0.2840000000,,0.6511600000,,0.0050000000,0.5090000000,0.8380000000,0.6330000000,0.5560000000,0.0050000000,0.1230700000,,0.6524941000,0.0214182400,0.2211246100,0.0223276390,,0.1434366700,0.0033910000,0.3117000000,0.6210000000,0.0260000000,0.9479500000,0.6079700000,
524.00,0.2960000000,,0.6091700000,,0.0060000000,0.5150000000,0.8900000000,0.5620000000,0.5410000000,0.0050000000,0.1164900000,,0.6556746000,0.0209158000,0.2233370700,0.0227237920,,0.1520091160,0.0032880000,0.3162120000,0.5970000000,0.0210000000,0.9650500000,0.5387100000,
525.00,0.3060000000,,0.5814000000,,0.0060000000,0.5220000000,0.9310000000,0.4920000000,0.5290000000,0.0050000000,0.1122000000,,0.6572194000,0.0202877400,0.2290357770,0.0230883660,,0.1613052150,0.0036830000,0.3222250000,0.5700000000,0.0180000000,0.9880400000,0.4717800000,
526.00,0.3200000000,,0.5581400000,,0.0070000000,0.5300000000,0.9660000000,0.4260000000,0.5130000000,0.0050000000,0.1090000000,,0.6610410000,0.0197657500,0.2343017230,0.0234207930,,0.1633080180,0.0035680000,0.3296670000,0.5470000000,0.0160000000,0.9911300000,0.4101300000,
527.00,0.3310000000,,0.5239000000,,0.0100000000,0.5400000000,0.9870000000,0.3660000000,0.5020000000,0.0050000000,0.1078400000,,0.6638288000,0.0185654600,0.2417092770,0.0236971030,,0.1723792690,0.0038900000,0.3386340000,0.5280000000,0.0140000000,1.0000000000,0.3524500000,
528.00,0.3460000000,,0.5064600000,,0.0110000000,0.5520000000,0.9990000000,0.3100000000,0.4870000000,0.0050000000,0.1022800000,,0.6689101000,0.0184593800,0.2451911380,0.0241661000,,0.1751784470,0.0034440000,0.3483230000,0.5080000000,0.0120000000,0.9750600000,0.3008200000,
529.00,0.3560000000,,0.4864300000,,0.0130000000,0.5660000000,1.0000000000,0.2620000000,0.4750000000,0.0050000000,0.0979200000,,0.6735181000,0.0184482200,0.2501380980,0.0248228770,,0.1757680720,0.0036650000,0.3594210000,0.4900000000,0.0110000000,0.9695600000,0.2553600000,
530.00,0.3730000000,,0.4709300000,,0.0160000000,0.5820000000,1.0000000000,0.2200000000,0.4650000000,0.0050000000,0.0955500000,,0.6785523000,0.0171725600,0.2548897960,0.0252391520,,0.1782264420,0.0035230000,0.3711110000,0.4730000000,0.0090000000,0.9611200000,0.2151400000,
531.00,0.3830000000,,0.4502600000,,0.0200000000,0.5990000000,0.9830000000,0.1820000000,0.4560000000,0.0040000000,0.0937700000,,0.6841877000,0.0172786300,0.2586893870,0.0256429020,,0.1835593440,0.0033280000,0.3838220000,0.4640000000,0.0080000000,0.9407600000,,
532.00,0.4000000000,,0.4379800000,,0.0220000000,0.6170000000,0.9620000000,0.1500000000,0.4490000000,0.0030000000,0.0921400000,,0.6909187000,0.0171948900,0.2678489800,0.0260950240,,0.1923819690,0.0034360000,0.3970780000,0.4500000000,0.0070000000,0.8966600000,,
533.00,0.4140000000,,0.4263600000,,0.0270000000,0.6400000000,0.9410000000,0.1230000000,0.4330000000,0.0030000000,0.0881000000,,0.6997514000,0.0168934200,0.2690494300,0.0268076280,,0.2017705450,0.0033160000,0.4107780000,0.4390000000,0.0060000000,0.8672200000,,
534.00,0.4290000000,,0.4115000000,,0.0320000000,0.6640000000,0.9100000000,0.1010000000,0.4290000000,0.0030000000,0.0851100000,,0.7102904000,0.0169073800,0.2748291960,0.0273584290,,0.2079812820,0.0033920000,0.4250770000,0.4300000000,0.0060000000,0.8511400000,,
535.00,0.4420000000,,0.4018100000,,0.0390000000,0.6890000000,0.8780000000,0.0820000000,0.4230000000,0.0030000000,0.0821000000,,0.7206086000,0.0170636900,0.2789562490,0.0280998230,,0.2100837040,0.0035660000,0.4387860000,0.4220000000,0.0050000000,0.8034800000,,
536.00,0.4570000000,,0.3934100000,,0.0460000000,0.7140000000,0.8470000000,0.0670000000,0.4100000000,0.0030000000,0.0782400000,,0.7324111000,0.0167147700,0.2856854500,0.0284188870,,0.2232439290,0.0037210000,0.4521350000,0.4100000000,0.0050000000,0.7781400000,,
537.00,0.4720000000,,0.3856600000,,0.0550000000,0.7440000000,0.8130000000,0.0550000000,0.4020000000,0.0030000000,0.0785800000,,0.7462828000,0.0167036100,0.2891400600,0.0289458850,,0.2258755120,0.0037740000,0.4660740000,0.4010000000,0.0050000000,0.7382100000,,
538.00,0.4850000000,,0.3766200000,,0.0670000000,0.7740000000,0.7780000000,0.0450000000,0.3950000000,0.0030000000,0.0744500000,,0.7609553000,0.0169408700,0.2970700490,0.0289907540,,0.2450508450,0.0037580000,0.4791570000,0.3940000000,0.0050000000,0.7098000000,,
539.00,0.4960000000,,0.3701600000,,0.0810000000,0.8070000000,0.7430000000,0.0370000000,0.3850000000,0.0030000000,0.0759100000,,0.7762409000,0.0169687900,0.3049605730,0.0293043920,,0.2556287850,0.0081100000,0.4909420000,0.3870000000,0.0050000000,0.6774800000,,
540.00,0.5070000000,,0.3643400000,,0.0950000000,0.8380000000,0.7100000000,0.0310000000,0.3780000000,0.0040000000,0.0702500000,,0.7915329000,0.0171837200,0.3048203480,0.0294817590,,0.2692304560,0.0297330000,0.5025770000,0.3810000000,0.0040000000,0.6334200000,,
541.00,0.5190000000,,0.3553000000,,0.1170000000,0.8660000000,0.6810000000,0.0260000000,0.3720000000,0.0040000000,,,0.8124864000,0.0179569300,0.3125509740,0.0293017960,,0.2805024610,0.0508820000,0.5127000000,0.3690000000,0.0050000000,0.6000600000,,
542.00,0.5260000000,,0.3494800000,,0.1390000000,0.8970000000,0.6500000000,0.0210000000,0.3620000000,0.0050000000,,,0.8286774000,0.0186408200,0.3179239410,0.0288698330,,0.2863338860,0.0433470000,0.5216260000,0.3620000000,0.0060000000,0.5764800000,,
543.00,0.5350000000,,0.3410900000,,0.1660000000,0.9250000000,0.6210000000,0.0180000000,0.3540000000,0.0040000000,,,0.8478535000,0.0199081100,0.3259117690,0.0286886520,,0.2987551240,0.0167670000,0.5307710000,0.3580000000,0.0050000000,0.5527100000,,
544.00,0.5460000000,,0.3372100000,,0.1970000000,0.9500000000,0.5950000000,0.0150000000,0.3460000000,0.0050000000,,,0.8667336000,0.0200755900,0.3312382970,0.0282099600,,0.3031743770,0.0050900000,0.5384030000,0.3480000000,0.0050000000,0.5268900000,,
545.00,0.5530000000,,0.3301000000,,0.2320000000,0.9710000000,0.5680000000,0.0130000000,0.3390000000,0.0050000000,,,0.8859820000,0.0214712800,0.3410180250,0.0278378430,,0.3076614720,0.0044270000,0.5450810000,0.3390000000,0.0050000000,0.4987500000,,
546.00,0.5550000000,,0.3236400000,,0.2730000000,0.9870000000,0.5470000000,0.0110000000,0.3310000000,0.0050000000,,,0.9063019000,0.0233694200,0.3494504640,0.0270903530,,0.3221471590,0.0045000000,0.5506400000,0.3300000000,0.0050000000,0.4847900000,,
547.00,0.5660000000,,0.3178300000,,0.3240000000,0.9960000000,0.5220000000,0.0090000000,0.3160000000,0.0050000000,,,0.9236623000,0.0251559000,0.3591804490,0.0267919090,,0.3313099400,0.0046410000,0.5561770000,0.3220000000,0.0060000000,0.4542500000,,
548.00,0.5690000000,,0.3107200000,,0.3720000000,1.0000000000,0.5030000000,0.0080000000,0.3110000000,0.0050000000,,,0.9414325000,0.0277267600,0.3653396480,0.0264478510,,0.3331090840,0.0049030000,0.5606800000,0.3120000000,0.0060000000,0.4312700000,,
549.00,0.5750000000,,0.3049100000,,0.4220000000,0.9950000000,0.4840000000,0.0070000000,0.3000000000,0.0050000000,,,0.9563534000,0.0303674000,0.3770243890,0.0260313880,,0.3506748990,0.0048610000,0.5652320000,0.3020000000,0.0060000000,0.4153100000,,
550.00,0.5780000000,0.0010000000,0.2945700000,,0.4800000000,0.9840000000,0.4660000000,0.0060000000,0.2940000000,0.0050000000,,,0.9691079000,0.0337617200,0.3914864070,0.0253859000,,0.3557661840,0.0053170000,0.5688420000,0.2910000000,0.0060000000,0.3925700000,,
551.00,0.5830000000,0.0010000000,0.2868200000,,0.5320000000,0.9630000000,0.4520000000,0.0050000000,0.2810000000,0.0040000000,,,0.9812265000,0.0379990300,0.4006625520,0.0248041660,,0.3738765380,0.0054900000,0.5723270000,0.2800000000,0.0050000000,0.3761600000,,
552.00,0.5870000000,0.0020000000,0.2739000000,,0.5810000000,0.9360000000,0.4370000000,0.0050000000,0.2720000000,0.0040000000,,,0.9920992000,0.0426969200,0.4122078190,0.0245807730,,0.3814649650,0.0058020000,0.5762390000,0.2670000000,0.0050000000,0.3650500000,,
553.00,0.5880000000,0.0020000000,0.2635700000,,0.6310000000,0.8990000000,0.4240000000,0.0030000000,0.2670000000,0.0030000000,,,0.9975225000,0.0493348200,0.4274029820,0.0244728780,,0.3925392110,0.0062150000,0.5792920000,0.2560000000,0.0040000000,0.3470700000,,
554.00,0.5940000000,0.0020000000,0.2558100000,,0.6830000000,0.8560000000,0.4150000000,0.0030000000,0.2580000000,0.0030000000,,,1.0000000000,0.0556070400,0.4420682380,0.0242890130,,0.3931827930,0.0066080000,0.5831710000,0.2450000000,0.0040000000,0.3431900000,,
555.00,0.5990000000,0.0030000000,0.2428900000,,0.7340000000,0.8060000000,0.4010000000,0.0020000000,0.2450000000,0.0030000000,,,0.9991264000,0.0643635900,0.4551328350,0.0238530670,,0.4028870090,0.0077390000,0.5874840000,0.2340000000,0.0040000000,0.3363600000,,
556.00,0.6040000000,0.0030000000,0.2332000000,,0.7840000000,0.7550000000,0.3930000000,0.0020000000,0.2410000000,0.0020000000,,,0.9961664000,0.0733406600,0.4695143720,0.0236737600,,0.4115851880,0.0074940000,0.5922550000,0.2240000000,0.0040000000,0.3151500000,,
557.00,0.6090000000,0.0040000000,0.2248100000,,0.8330000000,0.6990000000,0.3860000000,0.0010000000,0.2310000000,0.0030000000,,,0.9853244000,0.0844810500,0.4806873630,0.0234664720,,0.4223778630,0.0086140000,0.5971060000,0.2160000000,0.0040000000,0.3068500000,,
558.00,0.6150000000,0.0040000000,0.2170500000,,0.8780000000,0.6390000000,0.3760000000,0.0010000000,0.2240000000,0.0030000000,,,0.9721411000,0.0968412800,0.4954265460,0.0230627800,,0.4300435360,0.0093230000,0.6031010000,0.2070000000,0.0050000000,0.2969700000,,
559.00,0.6230000000,0.0050000000,0.2041300000,,0.9180000000,0.5800000000,0.3720000000,0.0010000000,0.2170000000,0.0030000000,,,0.9550888000,0.1113341000,0.5119625970,0.0231828580,,0.4348552020,0.0093960000,0.6090920000,0.1960000000,0.0040000000,0.2909500000,,
560.00,0.6290000000,0.0060000000,0.1957400000,,0.9460000000,0.5270000000,0.3630000000,0.0020000000,0.2070000000,0.0040000000,,,0.9358077000,0.1274934000,0.5261495390,0.0229104850,,0.4432388350,0.0112450000,0.6165340000,0.1860000000,0.0050000000,0.2784200000,,
561.00,0.6390000000,0.0090000000,0.1860500000,,0.9680000000,0.4710000000,0.3550000000,0.0020000000,0.2020000000,0.0030000000,,,0.9106442000,0.1478565000,0.5396948070,0.0227348540,,0.4540851270,0.0119670000,0.6242380000,0.1810000000,0.0040000000,0.2747400000,,
562.00,0.6470000000,0.0160000000,0.1750600000,,0.9810000000,0.4180000000,0.3480000000,0.0010000000,0.1900000000,0.0030000000,,,0.8804301000,0.1683536000,0.5491705130,0.0225850030,,0.4600453750,0.0147210000,0.6330150000,0.1710000000,0.0040000000,0.2674000000,,
563.00,0.6550000000,0.0250000000,0.1673100000,,0.9930000000,0.3690000000,0.3420000000,0.0020000000,0.1890000000,0.0030000000,,,0.8499649000,0.1908940000,0.5601773460,0.0224523960,,0.4666915850,0.0157520000,0.6426150000,0.1620000000,0.0040000000,0.2536800000,,
564.00,0.6690000000,0.0290000000,0.1608500000,,1.0000000000,0.3220000000,0.3350000000,0.0010000000,0.1820000000,0.0030000000,,,0.8156071000,0.2185872000,0.5699706490,0.0218744710,,0.4714805970,0.0183220000,0.6527380000,0.1550000000,0.0040000000,0.2528400000,,
565.00,0.6810000000,0.0260000000,0.1531000000,,0.9980000000,0.2820000000,0.3270000000,0.0020000000,0.1760000000,0.0030000000,,,0.7809957000,0.2437208000,0.5838013630,0.0210126320,,0.4907678660,0.0195680000,0.6644040000,0.1490000000,0.0040000000,0.2380300000,,
566.00,0.6920000000,0.0200000000,0.1440600000,,0.9940000000,0.2440000000,0.3180000000,0.0020000000,0.1680000000,0.0040000000,,,0.7427537000,0.2747553000,0.5964757140,0.0203214260,,0.4932737320,0.0222440000,0.6765380000,0.1410000000,0.0050000000,0.2352200000,,
567.00,0.7030000000,0.0190000000,0.1376000000,,0.9800000000,0.2130000000,0.3110000000,0.0010000000,0.1620000000,0.0030000000,,,0.7046461000,0.3085813000,0.6020058700,0.0196659060,,0.4938770940,0.0257100000,0.6906390000,0.1350000000,0.0040000000,0.2154500000,,
568.00,0.7200000000,0.0220000000,0.1317800000,,0.9630000000,0.1830000000,0.3020000000,0.0010000000,0.1560000000,0.0030000000,,,0.6611030000,0.3469348000,0.6137169730,0.0187767790,,0.5071854530,0.0299560000,0.7014520000,0.1280000000,0.0040000000,0.2149000000,,
569.00,0.7330000000,0.0260000000,0.1266200000,,0.9390000000,0.1570000000,0.2940000000,0.0010000000,0.1520000000,0.0030000000,,,0.6200437000,0.3838926000,0.6129690810,0.0180968160,,0.5098666020,0.0343450000,0.7217860000,0.1220000000,0.0030000000,0.1997800000,,
570.00,0.7510000000,0.0300000000,0.1208000000,,0.9180000000,0.1330000000,0.2880000000,0.0010000000,0.1480000000,0.0030000000,,,0.5786152000,0.4233599000,0.6285555850,0.0171263500,,0.5316381480,0.0392420000,0.7391950000,0.1170000000,0.0040000000,0.1970800000,,
571.00,0.7700000000,0.0340000000,0.1143400000,,0.8920000000,0.1130000000,0.2770000000,0.0010000000,0.1430000000,0.0030000000,,,0.5391805000,0.4589779000,0.6356785830,0.0164188490,,0.5428099570,0.0452940000,0.7571380000,0.1140000000,0.0040000000,0.1837500000,,
572.00,0.7920000000,0.0420000000,0.1104700000,,0.8700000000,0.0960000000,0.2710000000,0.0010000000,0.1400000000,0.0040000000,,,0.4986361000,0.5037600000,0.6348494000,0.0155897770,,0.5404552420,0.0522930000,0.7766840000,0.1080000000,0.0050000000,0.1781500000,,
573.00,0.8070000000,0.0480000000,0.1053000000,,0.8460000000,0.0810000000,0.2600000000,0.0010000000,0.1360000000,0.0030000000,,,0.4599577000,0.5474395000,0.6400039480,0.0146854690,,0.5418401770,0.0606090000,0.7968390000,0.1040000000,0.0040000000,0.1664900000,,
574.00,0.8220000000,0.0550000000,0.1007800000,,0.8220000000,0.0690000000,0.2500000000,0.0010000000,0.1320000000,0.0030000000,,,0.4194328000,0.5910464000,0.6532670950,0.0142697830,,0.5469738120,0.0702780000,0.8183700000,0.0970000000,0.0040000000,0.1605600000,,
575.00,0.8450000000,0.0650000000,0.0969000000,,0.8020000000,0.0580000000,0.2430000000,0.0010000000,0.1260000000,0.0030000000,,,0.3833058000,0.6339554000,0.6540924020,0.0136165220,,0.5616666030,0.0788450000,0.8403160000,0.0960000000,0.0050000000,0.1616500000,,
576.00,0.8590000000,0.0750000000,0.0936700000,,0.7790000000,0.0490000000,0.2360000000,0.0020000000,0.1240000000,0.0030000000,,,0.3481615000,0.6784528000,0.6635466200,0.0137024030,,0.5709928970,0.0935340000,0.8625660000,0.0920000000,0.0050000000,0.1436100000,,
577.00,0.8830000000,0.0890000000,0.0897900000,,0.7600000000,0.0410000000,0.2230000000,0.0020000000,0.1190000000,0.0040000000,,,0.3150983000,0.7233605000,0.6632061970,0.0134913770,,0.5836279530,0.1076650000,0.8844580000,0.0880000000,0.0050000000,0.1358900000,,
578.00,0.9040000000,0.1020000000,0.0872100000,,0.7350000000,0.0350000000,0.2150000000,0.0010000000,0.1180000000,0.0030000000,,,0.2872557000,0.7548277000,0.6703930660,0.0134874050,,0.5975355630,0.1256270000,0.9067320000,0.0840000000,0.0040000000,0.1273100000,,
579.00,0.9210000000,0.1190000000,0.0852700000,,0.7130000000,0.0300000000,0.2090000000,0.0020000000,0.1120000000,0.0040000000,,,0.2602921000,0.7956293000,0.6810888330,0.0133558340,,0.6088052620,0.1432360000,0.9275000000,0.0810000000,0.0050000000,0.1272800000,,
580.00,0.9410000000,0.1380000000,0.0801000000,,0.6890000000,0.0250000000,0.1990000000,0.0020000000,0.1100000000,0.0030000000,,,0.2326173000,0.8318139000,0.6819065490,0.0135171400,,0.6199417600,0.1647940000,0.9462080000,0.0790000000,0.0040000000,0.1209100000,,
581.00,0.9550000000,0.1600000000,0.0775200000,,0.6660000000,0.0210000000,0.1910000000,0.0020000000,0.1070000000,0.0030000000,,,0.2086417000,0.8646572000,0.6862553610,0.0137210720,,0.6342671280,0.1894350000,0.9637840000,0.0760000000,0.0040000000,0.1128500000,,
582.00,0.9670000000,0.1830000000,0.0736400000,,0.6420000000,0.0180000000,0.1840000000,0.0010000000,0.1030000000,0.0040000000,,,0.1861693000,0.8932409000,0.6932473880,0.0141730310,,0.6496016690,0.2139400000,0.9779930000,0.0740000000,0.0040000000,0.1106100000,,
583.00,0.9840000000,0.2110000000,0.0723500000,,0.6260000000,0.0150000000,0.1760000000,0.0010000000,0.1010000000,0.0030000000,,,0.1663850000,0.9226509000,0.7020873640,0.0143238190,,0.6701844710,0.2448120000,0.9890580000,0.0710000000,0.0040000000,0.1039700000,,
584.00,0.9930000000,0.2370000000,0.0704100000,,0.6090000000,0.0130000000,0.1670000000,0.0010000000,0.0980000000,0.0030000000,,,0.1474160000,0.9415960000,0.7087125690,0.0153449560,0.0130861890,0.6903591570,0.2763490000,0.9967320000,0.0690000000,0.0050000000,0.0966700000,,
585.00,0.9950000000,0.2650000000,0.0678300000,,0.5950000000,0.0110000000,0.1610000000,0.0010000000,0.0950000000,0.0040000000,,,0.1305755000,0.9593883000,0.7129255780,0.0160814350,0.0104349990,0.7131446060,0.3113480000,1.0000000000,0.0650000000,0.0040000000,0.0925800000,,
586.00,0.9960000000,0.2970000000,0.0678300000,,0.5810000000,0.0090000000,0.1540000000,0.0010000000,0.0950000000,0.0030000000,,,,0.9753884000,0.7211626800,0.0165881620,0.0094211110,0.7254327620,0.3493690000,0.9994300000,0.0640000000,0.0040000000,0.0887900000,,
587.00,1.0000000000,0.3350000000,0.0646000000,,0.5690000000,0.0080000000,0.1480000000,0.0020000000,0.0920000000,0.0030000000,,,,0.9840361000,0.7354822120,0.0178774710,0.0099842690,0.7443423450,0.3853840000,0.9935800000,0.0630000000,0.0040000000,0.0815800000,,
588.00,0.9920000000,0.3690000000,0.0639500000,,0.5590000000,0.0070000000,0.1420000000,0.0020000000,0.0880000000,0.0040000000,,,,0.9940711000,0.7451588740,0.0192019910,0.0105120840,0.7724968950,0.4231670000,0.9845380000,0.0590000000,0.0050000000,0.0748900000,,
589.00,0.9840000000,0.4060000000,0.0620200000,,0.5480000000,0.0060000000,0.1350000000,0.0010000000,0.0860000000,0.0040000000,,,,0.9973956000,0.7479177240,0.0205233570,0.0118745110,0.7927047030,0.4659860000,0.9695130000,0.0590000000,0.0040000000,0.0729900000,,
590.00,0.9710000000,0.4470000000,0.0587900000,,0.5340000000,0.0050000000,0.1300000000,0.0020000000,0.0830000000,0.0030000000,,,,0.9990733000,0.7622720180,0.0223631020,0.0131896300,0.8194317900,0.5128880000,0.9505050000,0.0560000000,0.0040000000,0.0713800000,,
591.00,0.9460000000,0.4880000000,0.0568500000,,0.5240000000,0.0040000000,0.1240000000,0.0020000000,0.0810000000,0.0030000000,,,,1.0000000000,0.7761875080,0.0238057980,0.0150825960,0.8246510700,0.5546840000,0.9278830000,0.0540000000,0.0040000000,0.0642600000,,
592.00,0.9250000000,0.5310000000,0.0562000000,,0.5180000000,0.0040000000,0.1190000000,0.0020000000,0.0790000000,0.0030000000,,,,0.9899287000,0.7856422840,0.0254012650,0.0172862640,0.8546148190,0.5948180000,0.9007120000,0.0530000000,0.0040000000,0.0653000000,,
593.00,0.9010000000,0.5710000000,0.0542600000,,0.5040000000,0.0030000000,0.1140000000,0.0020000000,0.0780000000,0.0030000000,,,,0.9864534000,0.7968706280,0.0273448280,0.0191943250,0.8666261060,0.6365030000,0.8713760000,0.0500000000,0.0040000000,0.0655400000,,
594.00,0.8670000000,0.6130000000,0.0523300000,,0.4950000000,0.0030000000,0.1090000000,0.0020000000,0.0750000000,0.0030000000,,,,0.9784701000,0.8023701120,0.0300066980,0.0221674450,0.8990916690,0.6807750000,0.8375020000,0.0490000000,0.0050000000,0.0571900000,,
595.00,0.8360000000,0.6550000000,0.0503900000,,0.4900000000,0.0020000000,0.1060000000,0.0020000000,0.0720000000,0.0030000000,,,,0.9663220000,0.8210873600,0.0330584080,0.0248549110,0.9079373910,0.7218710000,0.8021180000,0.0470000000,0.0040000000,0.0560000000,,
596.00,0.7990000000,0.6920000000,0.0484500000,,0.4850000000,0.0020000000,0.1010000000,0.0010000000,0.0710000000,0.0030000000,,,,0.9524098000,0.8411366190,0.0362725690,0.0285625880,0.9348922550,0.7555350000,0.7636830000,0.0460000000,0.0030000000,0.0512000000,,
597.00,0.7630000000,0.7330000000,0.0452200000,,0.4800000000,0.0020000000,0.0970000000,0.0010000000,0.0690000000,0.0030000000,,,,0.9371716000,0.8531837050,0.0399947890,0.0321450480,0.9466593230,0.7975840000,0.7255890000,0.0440000000,0.0030000000,0.0556200000,,
598.00,0.7240000000,0.7670000000,0.0445700000,,0.4810000000,0.0020000000,0.0940000000,0.0010000000,0.0660000000,0.0030000000,,,,0.9231980000,0.8705185350,0.0440170720,0.0352220280,0.9467678590,0.8326560000,0.6839760000,0.0420000000,0.0030000000,0.0504900000,,
599.00,0.6820000000,0.8080000000,0.0426400000,,0.4770000000,0.0010000000,0.0890000000,0.0010000000,0.0650000000,0.0020000000,,,,0.9078650000,0.8844198000,0.0488111700,0.0400502040,0.9338552840,0.8649610000,0.6430190000,0.0410000000,0.0040000000,0.0475000000,,
600.00,0.6390000000,0.8390000000,0.0407000000,,0.4730000000,0.0010000000,0.0870000000,0.0020000000,0.0620000000,0.0030000000,,,,0.8879960000,0.9053297230,0.0548990380,0.0455377640,0.9678474990,0.8916730000,0.6009500000,0.0390000000,0.0040000000,0.0429500000,,
601.00,0.6010000000,0.8690000000,,,0.4670000000,,0.0840000000,0.0010000000,0.0610000000,0.0020000000,,,,0.8736064000,0.9151825230,0.0617391970,0.0507150450,0.9773148590,0.9169600000,0.5591280000,0.0370000000,0.0030000000,0.0482200000,,
602.00,0.5570000000,0.8960000000,,,0.4590000000,,0.0810000000,0.0010000000,0.0590000000,0.0020000000,,,,0.8506250000,0.9331598690,0.0687629520,0.0570328140,0.9999999940,0.9441330000,0.5172830000,0.0360000000,0.0030000000,0.0422400000,,
603.00,0.5120000000,0.9200000000,,,0.4520000000,,0.0790000000,0.0010000000,0.0570000000,0.0020000000,,,,0.8364085000,0.9448785710,0.0764781820,0.0629031890,0.9972395880,0.9667270000,0.4759910000,0.0360000000,0.0030000000,0.0430900000,,
604.00,0.4700000000,0.9370000000,,,0.4470000000,,0.0740000000,0.0020000000,0.0550000000,0.0030000000,,,,0.8179715000,0.9560445550,0.0853957330,0.0692823120,0.9912396220,0.9780210000,0.4366690000,0.0340000000,0.0030000000,0.0393000000,,
605.00,0.4300000000,0.9610000000,,,0.4400000000,,0.0720000000,0.0010000000,0.0530000000,0.0020000000,,,,0.8002685000,0.9716120040,0.0956343110,0.0764164850,1.0038340440,0.9887040000,0.3986510000,0.0320000000,0.0030000000,0.0393900000,,
606.00,0.3930000000,0.9740000000,,,0.4340000000,,0.0720000000,0.0010000000,0.0520000000,0.0030000000,,,,0.7837129000,0.9762035700,0.1067569170,0.0867578750,0.9833254120,0.9949600000,0.3620850000,0.0320000000,0.0040000000,0.0342300000,,
607.00,0.3560000000,0.9800000000,,,0.4240000000,,0.0670000000,0.0020000000,0.0510000000,0.0030000000,,,,0.7663561000,0.9838188150,0.1195255170,0.0950198390,0.9735591210,1.0000000000,0.3278480000,0.0300000000,0.0040000000,0.0384000000,,
608.00,0.3190000000,0.9890000000,,,0.4130000000,,0.0650000000,0.0020000000,0.0470000000,0.0030000000,,,,0.7478604000,0.9851463080,0.1325157130,0.1051957140,0.9776588600,0.9982060000,0.2954700000,0.0290000000,0.0040000000,0.0350300000,,
609.00,0.2880000000,0.9960000000,,,0.4050000000,,0.0650000000,0.0020000000,0.0470000000,0.0020000000,,,,0.7322343000,0.9916877900,0.1474873460,0.1136303650,0.9527992310,0.9990970000,0.2645820000,0.0280000000,0.0040000000,0.0305200000,,
610.00,0.2590000000,1.0000000000,,,0.3990000000,,0.0620000000,0.0030000000,0.0470000000,0.0040000000,,,,0.7167142000,0.9989331350,0.1637298400,0.1268430930,0.9347299550,0.9931180000,0.2371340000,0.0270000000,0.0050000000,0.0309900000,,
611.00,0.2340000000,0.9900000000,,,0.3950000000,,0.0600000000,0.0020000000,0.0450000000,0.0030000000,,,,0.6975737000,1.0000000000,0.1811798940,0.1377723180,0.9231047810,0.9843200000,0.2108110000,0.0260000000,0.0030000000,0.0343100000,,
612.00,0.2090000000,0.9910000000,,,0.3900000000,,0.0570000000,0.0020000000,0.0440000000,0.0030000000,,,,0.6805379000,0.9992820970,0.2003088040,0.1513210150,0.9114052590,0.9651700000,0.1872300000,0.0250000000,0.0040000000,0.0330700000,,
613.00,0.1830000000,0.9760000000,,,0.3870000000,,0.0560000000,0.0020000000,0.0430000000,0.0030000000,,,,0.6681470000,0.9968959360,0.2198620820,0.1631739850,0.8930194260,0.9554450000,0.1663950000,0.0240000000,0.0040000000,0.0263000000,,
614.00,0.1620000000,0.9680000000,,,0.3800000000,,0.0540000000,0.0030000000,0.0410000000,0.0030000000,,,,0.6521692000,0.9843581740,0.2426423270,0.1787654690,0.8689097850,0.9436040000,0.1465070000,0.0220000000,0.0040000000,0.0305200000,,
615.00,0.1400000000,0.9550000000,,,0.3720000000,,0.0530000000,0.0020000000,0.0380000000,0.0030000000,,,,0.6347845000,0.9820292360,0.2653417830,0.1932037050,0.8312305030,0.9186340000,0.1295330000,0.0220000000,0.0040000000,0.0327500000,,
616.00,0.1220000000,0.9420000000,,,0.3610000000,,0.0520000000,0.0020000000,0.0370000000,0.0030000000,,,,0.6219609000,0.9666830440,0.2925197720,0.2077929990,0.8102184680,0.8965590000,0.1137660000,0.0220000000,0.0040000000,0.0249700000,,
617.00,0.1070000000,0.9310000000,,,0.3500000000,,0.0510000000,0.0020000000,0.0380000000,0.0030000000,,,,0.6076550000,0.9567520300,0.3193423380,0.2278569310,0.7746313450,0.8820240000,0.0999940000,0.0210000000,0.0040000000,0.0309000000,,
618.00,0.0920000000,0.9030000000,,,0.3380000000,,0.0480000000,0.0020000000,0.0370000000,0.0030000000,,,,0.5951804000,0.9341096830,0.3463646190,0.2426783350,0.7534240060,0.8526330000,0.0873930000,0.0200000000,0.0040000000,0.0265800000,,
619.00,0.0800000000,0.8920000000,,,0.3240000000,,0.0460000000,0.0020000000,0.0360000000,0.0040000000,,,,0.5795990000,0.9096803440,0.3745542110,0.2604253010,0.7159991160,0.8364690000,0.0770670000,0.0190000000,0.0050000000,0.0264800000,,
620.00,0.0700000000,0.8710000000,,,0.3150000000,,0.0450000000,0.0020000000,0.0350000000,0.0030000000,,,,0.5671410000,0.8871458800,0.4039390170,0.2815176030,0.6994295200,0.8081420000,0.0665920000,0.0180000000,0.0040000000,0.0282900000,,
621.00,0.0610000000,0.8520000000,,,0.3040000000,,0.0440000000,0.0020000000,0.0340000000,0.0030000000,,,,0.5521960000,0.8598405270,0.4376671970,0.3023224170,0.6644379520,0.7917910000,0.0585790000,0.0180000000,0.0040000000,0.0241600000,,
622.00,0.0520000000,0.8300000000,,,0.2950000000,,0.0430000000,0.0010000000,0.0330000000,0.0020000000,,,,0.5457060000,0.8358353440,0.4708736170,0.3208657200,0.6328274820,0.7604280000,0.0511240000,0.0170000000,0.0030000000,0.0242600000,,
623.00,0.0450000000,0.8120000000,,,0.2860000000,,0.0410000000,0.0020000000,0.0320000000,0.0030000000,,,,0.5311518000,0.7966953530,0.5031220980,0.3333090010,0.5870961760,0.7426480000,0.0444350000,0.0170000000,0.0040000000,0.0195600000,,
624.00,0.0410000000,0.7950000000,,,0.2800000000,,0.0400000000,0.0010000000,0.0320000000,0.0020000000,,,,0.5153359000,0.7768926470,0.5386666780,0.3614536680,0.5574825200,0.7157170000,0.0388910000,0.0160000000,0.0030000000,0.0198900000,,
625.00,0.0350000000,0.7720000000,,,0.2690000000,,0.0400000000,0.0020000000,0.0300000000,0.0020000000,,,,0.5032129000,0.7376251250,0.5750866390,0.3806310080,0.5434149160,0.6953780000,0.0337170000,0.0150000000,0.0030000000,0.0166700000,,
626.00,0.0310000000,0.7540000000,,,0.2610000000,,0.0370000000,0.0020000000,0.0290000000,0.0020000000,,,,0.4903279000,0.7071691520,0.6086843840,0.3976145620,0.5282239860,0.6720840000,0.0297800000,0.0150000000,0.0030000000,0.0185600000,,
627.00,0.0260000000,0.7390000000,,,0.2550000000,,0.0350000000,0.0020000000,0.0280000000,0.0020000000,,,,0.4775462000,0.6727041370,0.6460732830,0.4158497510,0.4925274400,0.6524650000,0.0260390000,0.0150000000,0.0030000000,0.0169500000,,
628.00,0.0230000000,0.7190000000,,,0.2490000000,,0.0360000000,0.0020000000,0.0290000000,0.0030000000,,,,0.4632320000,0.6348618550,0.6805040050,0.4345519250,0.4651923770,0.6327050000,0.0229420000,0.0150000000,0.0040000000,0.0181400000,,
629.00,0.0200000000,0.7060000000,,,0.2420000000,,0.0340000000,0.0020000000,0.0270000000,0.0030000000,,,,0.4486163000,0.6003223170,0.7166323770,0.4610444240,0.4400119930,0.6093070000,0.0195480000,0.0140000000,0.0040000000,0.0171900000,,
630.00,0.0170000000,0.6900000000,,,0.2360000000,,0.0320000000,0.0020000000,0.0260000000,0.0030000000,,,,0.4396337000,0.5585360890,0.7459208600,0.4832321260,0.4103201440,0.5946110000,0.0176720000,0.0130000000,0.0040000000,0.0125000000,,
631.00,0.0150000000,0.6740000000,,,0.2300000000,,0.0320000000,0.0020000000,0.0270000000,0.0030000000,,,,0.4291520000,0.5311731180,0.7821097350,0.4962358360,0.3835531620,0.5756800000,0.0154720000,0.0140000000,0.0040000000,0.0153000000,,
632.00,0.0140000000,0.6620000000,,,0.2190000000,,0.0300000000,0.0030000000,0.0260000000,0.0030000000,,,,0.4141847000,0.4951457040,0.8107363960,0.5208917660,0.3623705170,0.5563210000,0.0136030000,0.0130000000,0.0050000000,0.0174800000,,
633.00,0.0120000000,0.6500000000,,,0.2110000000,,0.0300000000,0.0020000000,0.0250000000,0.0020000000,,,,0.4017546000,0.4546865490,0.8395884220,0.5509670560,0.3432865080,0.5411290000,0.0118100000,0.0130000000,0.0030000000,0.0137300000,,
634.00,0.0100000000,0.6330000000,,,0.2040000000,,0.0280000000,0.0020000000,0.0250000000,0.0020000000,,,,0.3905808000,0.4262414610,0.8611512370,0.5633124740,0.3139243480,0.5284190000,0.0104510000,0.0120000000,0.0030000000,0.0131600000,,
635.00,0.0090000000,0.6160000000,,,0.1980000000,,0.0280000000,0.0020000000,0.0250000000,0.0020000000,,,,0.3779135000,0.3998740160,0.8820875750,0.5826000060,0.2922409320,0.5088070000,0.0095250000,0.0120000000,0.0030000000,0.0149600000,,
636.00,0.0080000000,0.6050000000,,,0.1930000000,,0.0270000000,0.0020000000,0.0240000000,0.0020000000,,,,0.3671388000,0.3628708880,0.9062445060,0.6052916840,0.2764946960,0.4924340000,0.0078930000,0.0120000000,0.0030000000,0.0123900000,,
637.00,0.0070000000,0.5960000000,,,0.1890000000,,0.0260000000,0.0010000000,0.0240000000,0.0010000000,,,,0.3569698000,0.3396684220,0.9280610420,0.6253867490,0.2600363270,0.4806280000,0.0073720000,0.0110000000,0.0030000000,0.0137700000,,
638.00,0.0060000000,0.5820000000,,,0.1850000000,,0.0250000000,0.0010000000,0.0230000000,0.0010000000,,,,0.3421336000,0.3107377230,0.9457106910,0.6512816700,0.2416397730,0.4707930000,0.0062220000,0.0110000000,0.0020000000,0.0114900000,,
639.00,0.0050000000,0.5760000000,,,0.1770000000,,0.0240000000,0.0010000000,0.0230000000,0.0010000000,,,,0.3318111000,0.2842647430,0.9640051460,0.6616159870,0.2215587620,0.4552170000,0.0056700000,0.0110000000,0.0020000000,0.0109700000,,
640.00,0.0040000000,0.5620000000,,,0.1720000000,,0.0230000000,0.0010000000,0.0220000000,0.0020000000,,,,0.3189233000,0.2762219270,0.9724111400,0.6925203330,0.2038125630,0.4397680000,0.0050500000,0.0110000000,0.0030000000,0.0095900000,,
641.00,0.0040000000,0.5540000000,,,0.1680000000,,0.0220000000,0.0010000000,0.0210000000,0.0010000000,,,,0.3077522000,0.2548949990,0.9801801620,0.7011495270,0.1920154920,0.4291290000,0.0047090000,0.0100000000,0.0020000000,0.0098800000,,
642.00,0.0040000000,0.5430000000,,,0.1600000000,,0.0220000000,0.0020000000,0.0220000000,0.0020000000,,,,0.2987556000,0.2340435090,0.9869722560,0.7273543210,0.1792466450,0.4194470000,0.0043570000,0.0100000000,0.0030000000,0.0098900000,,
643.00,0.0030000000,0.5380000000,,,0.1540000000,,0.0210000000,0.0010000000,0.0220000000,0.0020000000,,,,0.2879837000,0.2141729960,0.9922825850,0.7482568330,0.1683170000,0.4075460000,0.0038550000,0.0100000000,0.0020000000,0.0123100000,,
644.00,0.0030000000,0.5350000000,,,0.1490000000,,0.0210000000,0.0020000000,0.0210000000,0.0020000000,,,,0.2742445000,0.2005836970,0.9957414500,0.7754014970,0.1544000880,0.3953310000,0.0036430000,0.0100000000,0.0020000000,0.0065200000,,
645.00,0.0020000000,0.5210000000,,,0.1420000000,,0.0200000000,0.0020000000,0.0200000000,0.0020000000,,,,0.2666380000,0.1793164350,0.9976612080,0.7800127380,0.1386198140,0.3836560000,0.0028610000,0.0100000000,0.0020000000,0.0079000000,,
646.00,0.0020000000,0.5140000000,,,0.1350000000,,0.0190000000,0.0010000000,0.0200000000,0.0020000000,,,,0.2602402000,0.1651208260,1.0000000000,0.7967589780,0.1326120410,0.3743740000,0.0027310000,0.0100000000,0.0020000000,0.0098400000,,
647.00,0.0020000000,0.5030000000,,,0.1340000000,,0.0190000000,0.0020000000,0.0190000000,0.0020000000,,,,0.2500349000,0.1491378100,0.9933797450,0.8136661360,0.1229600440,0.3707320000,0.0023150000,0.0090000000,0.0030000000,0.0119700000,,
648.00,0.0020000000,0.4990000000,,,0.1330000000,,0.0180000000,0.0020000000,0.0190000000,0.0020000000,,,,0.2422218000,0.1335420360,0.9905731850,0.8265058220,0.1117807900,0.3606130000,0.0019000000,0.0100000000,0.0030000000,0.0067600000,,
649.00,0.0020000000,0.4890000000,,,0.1310000000,,0.0170000000,0.0020000000,0.0190000000,0.0020000000,,,,0.2328735000,0.1198079190,0.9818612370,0.8428868560,0.1043771540,0.3520680000,0.0017610000,0.0090000000,0.0030000000,0.0033400000,,
650.00,0.0010000000,0.4830000000,,,0.1300000000,,0.0160000000,0.0020000000,0.0180000000,0.0030000000,,,,0.2281002000,0.1064808960,0.9791592030,0.8630183580,0.0943185500,0.3433920000,0.0018030000,0.0090000000,0.0040000000,0.0064200000,,
651.00,,0.4770000000,,,0.1280000000,,0.0170000000,0.0020000000,0.0180000000,0.0020000000,,,,0.2211916000,,0.9726013400,0.8655135640,0.0885005210,0.3320110000,0.0016240000,0.0080000000,0.0030000000,,,
652.00,,0.4710000000,,,0.1250000000,,0.0170000000,0.0030000000,0.0180000000,0.0030000000,,,,0.2130101000,,0.9616006570,0.8778251320,0.0799897140,0.3246920000,0.0010630000,0.0080000000,0.0040000000,,,
653.00,,0.4620000000,,,0.1210000000,,0.0160000000,0.0020000000,0.0170000000,0.0020000000,,,,0.2070477000,,0.9539788360,0.8948622680,0.0727111010,0.3184700000,0.0017160000,0.0080000000,0.0030000000,,,
654.00,,0.4550000000,,,0.1220000000,,0.0150000000,0.0020000000,0.0170000000,0.0030000000,,,,0.2014621000,,0.9390326670,0.9143860060,0.0696084090,0.3081050000,0.0007500000,0.0080000000,0.0040000000,,,
655.00,,0.4520000000,,,0.1180000000,,0.0150000000,0.0020000000,0.0170000000,0.0020000000,,,,0.1928731000,,0.9348500520,0.9145607740,0.0625437240,0.3020220000,0.0009230000,0.0080000000,0.0030000000,,,
656.00,,0.4400000000,,,0.1130000000,,0.0150000000,0.0030000000,0.0170000000,0.0020000000,,,,0.1866762000,,0.9187725890,0.9321864430,0.0587057090,0.2928990000,0.0009020000,0.0080000000,0.0030000000,,,
657.00,,0.4330000000,,,0.1100000000,,0.0140000000,0.0020000000,0.0160000000,0.0020000000,,,,0.1810516000,,0.9092848760,0.9330875920,0.0525573310,0.2876220000,0.0004250000,0.0080000000,0.0030000000,,,
658.00,,0.4230000000,,,0.1030000000,,0.0130000000,0.0030000000,0.0170000000,0.0030000000,,,,0.1758205000,,0.8920096150,0.9465231350,0.0493584580,0.2799860000,0.0006470000,0.0080000000,0.0030000000,,,
659.00,,0.4160000000,,,0.0970000000,,0.0130000000,0.0020000000,0.0160000000,0.0030000000,,,,0.1693334000,,0.8826400890,0.9510999550,0.0448371090,0.2718730000,0.0004370000,0.0080000000,0.0040000000,,,
660.00,,0.4130000000,,,0.0950000000,,0.0130000000,0.0020000000,0.0170000000,0.0020000000,,,,0.1624275000,,0.8735448380,0.9523899680,0.0427155200,0.2665960000,0.0004080000,0.0070000000,0.0030000000,,,
661.00,,0.4060000000,,,0.0940000000,,0.0120000000,0.0020000000,0.0150000000,0.0020000000,,,,0.1578050000,,0.8549099990,0.9619668200,0.0392760870,0.2593590000,0.0005950000,0.0080000000,0.0030000000,,,
662.00,,0.4000000000,,,0.0920000000,,0.0120000000,0.0030000000,0.0150000000,0.0030000000,,,,0.1526437000,,0.8435562340,0.9781400830,0.0366567730,0.2490810000,0.0009870000,0.0080000000,0.0030000000,,,
663.00,,0.3920000000,,,0.0920000000,,0.0120000000,0.0020000000,0.0160000000,0.0020000000,,,,0.1469437000,,0.8292358980,0.9787666100,0.0323553560,0.2452480000,0.0004740000,0.0070000000,0.0030000000,,,
664.00,,0.3860000000,,,0.0900000000,,0.0110000000,0.0020000000,0.0160000000,0.0020000000,,,,0.1418048000,,0.8198536020,0.9822386010,0.0325276860,0.2390020000,0.0004260000,0.0070000000,0.0030000000,,,
665.00,,0.3780000000,,,0.0890000000,,0.0110000000,0.0020000000,0.0160000000,0.0020000000,,,,0.1367524000,,0.8029757800,0.9917824560,0.0294549080,0.2291450000,0.0006310000,0.0070000000,0.0030000000,,,
666.00,,0.3710000000,,,0.0890000000,,0.0110000000,0.0030000000,0.0140000000,0.0020000000,,,,0.1322834000,,0.7870889310,1.0019348320,0.0262497460,0.2261480000,0.0000780000,0.0070000000,0.0030000000,,,
667.00,,0.3650000000,,,0.0860000000,,0.0110000000,0.0020000000,0.0130000000,0.0010000000,,,,0.1283587000,,0.7749644440,0.9929191820,0.0228428320,0.2181190000,0.0002560000,0.0070000000,0.0020000000,,,
668.00,,0.3590000000,,,0.0850000000,,0.0110000000,0.0020000000,0.0150000000,0.0020000000,,,,0.1232728000,,0.7587338480,0.9898841110,0.0239213560,0.2105440000,0.0001580000,0.0070000000,0.0020000000,,,
669.00,,0.3540000000,,,0.0840000000,,0.0110000000,0.0010000000,0.0140000000,0.0020000000,,,,0.1181758000,,0.7450514670,0.9903458240,0.0208487770,0.2049330000,0.0002730000,0.0070000000,0.0030000000,,,
670.00,,0.3500000000,,,0.0810000000,,0.0110000000,0.0030000000,0.0140000000,0.0020000000,,,,0.1127605000,,0.7348114380,0.9875135500,0.0175787590,0.1987350000,0.0002060000,0.0060000000,0.0030000000,,,
671.00,,0.3400000000,,,0.0780000000,,0.0100000000,0.0020000000,0.0140000000,0.0020000000,,,,0.1094304000,,0.7206497430,0.9932902490,0.0197749790,0.1899340000,0.0004700000,0.0070000000,0.0030000000,,,
672.00,,0.3360000000,,,0.0760000000,,0.0100000000,0.0030000000,0.0140000000,0.0020000000,,,,0.1059802000,,0.7080296110,0.9999999300,0.0156938920,0.1851660000,,0.0070000000,0.0040000000,,,
673.00,,0.3290000000,,,0.0740000000,,0.0090000000,0.0030000000,0.0150000000,0.0030000000,,,,0.1023961000,,0.6954047060,0.9836490710,0.0177711520,0.1801500000,0.0004180000,0.0060000000,0.0040000000,,,
674.00,,0.3200000000,,,0.0700000000,,0.0100000000,0.0030000000,0.0140000000,0.0030000000,,,,0.0972460300,,0.6831419490,0.9758822420,0.0172630490,0.1763540000,,0.0070000000,0.0040000000,,,
675.00,,0.3140000000,,,0.0680000000,,0.0100000000,0.0030000000,0.0140000000,0.0020000000,,,,0.0942620400,,0.6730450540,0.9785875840,0.0245172410,0.1676280000,0.0005760000,0.0060000000,0.0030000000,,,
676.00,,0.3090000000,,,0.0660000000,,0.0100000000,0.0020000000,0.0140000000,0.0010000000,,,,0.0909961300,,0.6586082930,0.9774907930,,0.1622580000,,0.0070000000,0.0020000000,,,
677.00,,0.3050000000,,,0.0620000000,,0.0090000000,0.0010000000,0.0130000000,,,,,0.0876381000,,0.6451456980,0.9670224700,,0.1580210000,,0.0070000000,0.0010000000,,,
678.00,,0.2970000000,,,0.0610000000,,0.0090000000,,0.0130000000,,,,,0.0842242500,,0.6327337100,0.9570543370,,0.1503530000,0.0002840000,0.0070000000,,,,
679.00,,0.2860000000,,,0.0600000000,,0.0090000000,0.0010000000,0.0140000000,,,,,0.0802912000,,0.6225317010,0.9605081370,,0.1453270000,,0.0070000000,0.0020000000,,,
680.00,,0.2790000000,,,0.0580000000,,0.0090000000,,0.0130000000,,,,,0.0767601100,,0.6107810790,0.9451842290,,0.1395560000,0.0003820000,0.0060000000,0.0010000000,,,
681.00,,0.2760000000,,,0.0580000000,,0.0100000000,0.0010000000,0.0130000000,0.0010000000,,,,0.0731676000,,0.6049456410,0.9402024480,,0.1345440000,,0.0070000000,0.0010000000,,,
682.00,,0.2680000000,,,0.0570000000,,0.0080000000,,0.0150000000,,,,,0.0710238200,,0.5911163720,0.9247143110,,0.1299440000,,0.0060000000,,,,
683.00,,0.2600000000,,,0.0530000000,,0.0080000000,0.0010000000,0.0130000000,,,,,0.0683971300,,0.5794852270,0.9212448390,,0.1236120000,,0.0070000000,0.0010000000,,,
684.00,,0.2520000000,,,0.0500000000,,0.0090000000,0.0010000000,0.0130000000,0.0010000000,,,,0.0656504200,,0.5715699480,0.9033161420,,0.1184040000,0.0001380000,0.0070000000,0.0010000000,,,
685.00,,0.2470000000,,,0.0520000000,,0.0080000000,0.0010000000,0.0130000000,,,,,0.0629092800,,0.5621739620,0.8948203720,,0.1157710000,,0.0070000000,0.0010000000,,,
686.00,,0.2400000000,,,0.0500000000,,0.0090000000,0.0010000000,0.0130000000,0.0010000000,,,,0.0607152600,,0.5514015900,0.8960101640,,0.1110700000,,0.0070000000,0.0020000000,,,
687.00,,0.2320000000,,,0.0490000000,,0.0080000000,0.0010000000,0.0130000000,,,,,0.0582114000,,0.5459019230,0.8958212400,,0.1060590000,0.0002730000,0.0060000000,0.0010000000,,,
688.00,,0.2310000000,,,0.0500000000,,0.0080000000,0.0010000000,0.0130000000,0.0010000000,,,,0.0550152700,,0.5333006060,0.8839949630,,0.1047140000,0.0000180000,0.0070000000,0.0020000000,,,
689.00,,0.2250000000,,,0.0490000000,,0.0080000000,0.0010000000,0.0120000000,,,,,0.0531952900,,0.5261129330,0.8819373400,,0.1003010000,0.0004460000,0.0060000000,0.0010000000,,,
690.00,,0.2170000000,,,0.0460000000,,0.0080000000,0.0010000000,0.0130000000,0.0010000000,,,,0.0508477400,,0.5158056070,0.8627073850,,0.0976110000,0.0002260000,0.0070000000,0.0020000000,,,
691.00,,0.2060000000,,,0.0430000000,,0.0070000000,,0.0130000000,,,,,0.0486341800,,0.5066172890,0.8698442860,,0.0923680000,0.0002250000,0.0060000000,,,,
692.00,,0.2070000000,,,0.0420000000,,0.0080000000,,0.0130000000,,,,,0.0462670900,,0.4994124520,0.8655921960,,0.0918350000,,0.0070000000,0.0010000000,,,
693.00,,0.1980000000,,,0.0410000000,,0.0080000000,,0.0130000000,,,,,0.0452342800,,0.4924825180,0.8626065460,,0.0869900000,0.0003790000,0.0070000000,0.0010000000,,,
694.00,,0.1950000000,,,0.0410000000,,0.0080000000,,0.0120000000,,,,,0.0424149900,,0.4810782760,0.8531204600,,0.0844820000,0.0001040000,0.0060000000,,,,
695.00,,0.1900000000,,,0.0380000000,,0.0070000000,,0.0120000000,,,,,0.0406982900,,0.4750864040,0.8559797990,,0.0814690000,0.0002230000,0.0060000000,0.0010000000,,,
696.00,,0.1850000000,,,0.0380000000,,0.0070000000,0.0010000000,0.0130000000,0.0010000000,,,,0.0385210100,,0.4674903820,0.8439620300,,0.0791250000,0.0001440000,0.0060000000,0.0020000000,,,
697.00,,0.1800000000,,,0.0380000000,,0.0070000000,0.0020000000,0.0130000000,0.0010000000,,,,0.0374240100,,0.4562489940,0.8401682310,,0.0759910000,,0.0070000000,0.0020000000,,,
698.00,,0.1760000000,,,0.0370000000,,0.0070000000,0.0020000000,0.0130000000,0.0020000000,,,,0.0364721500,,0.4509858290,0.8351595650,,0.0724870000,0.0000210000,0.0070000000,0.0020000000,,,
699.00,,0.1690000000,,,0.0360000000,,0.0070000000,0.0020000000,0.0120000000,0.0010000000,,,,0.0340296900,,0.4420758680,0.8336895030,,0.0704410000,0.0001560000,0.0060000000,0.0020000000,,,
700.00,,0.1670000000,,,0.0350000000,,0.0070000000,0.0020000000,0.0130000000,0.0010000000,,,,0.0330024600,,0.4341035530,0.8260429480,,0.0698200000,0.0002060000,0.0060000000,0.0020000000,,,
701.00,,0.1630000000,,,0.0350000000,,,,,,,,,0.0309647600,,0.4291239330,0.8352748670,,0.0671740000,,,,,,
702.00,,0.1580000000,,,0.0340000000,,,,,,,,,0.0296751400,,0.4204217270,0.8242798490,,0.0641130000,,,,,,
703.00,,0.1540000000,,,0.0340000000,,,,,,,,,0.0290470800,,0.4121197710,0.8204911400,,0.0607200000,,,,,,
704.00,,0.1490000000,,,0.0320000000,,,,,,,,,0.0276067300,,0.4042113250,0.8115496300,,0.0590580000,,,,,,
705.00,,0.1450000000,,,0.0340000000,,,,,,,,,0.0263422300,,0.3986803080,0.8042819280,,0.0585150000,,,,,,
706.00,,0.1420000000,,,0.0330000000,,,,,,,,,0.0247986000,,0.3899573280,0.7926769390,,0.0559680000,,,,,,
707.00,,0.1420000000,,,0.0340000000,,,,,,,,,0.0240142300,,0.3820182310,0.7853012300,,0.0521410000,,,,,,
708.00,,0.1360000000,,,0.0320000000,,,,,,,,,0.0229646700,,0.3789186780,0.7754066330,,0.0521470000,,,,,,
709.00,,0.1350000000,,,0.0320000000,,,,,,,,,0.0222696100,,0.3686192670,0.7704061010,,0.0500960000,,,,,,
710.00,,0.1280000000,,,0.0310000000,,,,,,,,,0.0214740700,,0.3669795830,0.7626287120,,0.0495620000,,,,,,
711.00,,0.1260000000,,,0.0300000000,,,,,,,,,0.0208739200,,0.3561208070,0.7592817460,,0.0458490000,,,,,,
712.00,,0.1240000000,,,0.0270000000,,,,,,,,,0.0196959600,,0.3485280210,0.7431495490,,0.0429720000,,,,,,
713.00,,0.1220000000,,,0.0280000000,,,,,,,,,0.0184538000,,0.3434348350,0.7353515070,,0.0424390000,,,,,,
714.00,,0.1200000000,,,0.0270000000,,,,,,,,,0.0178927300,,0.3376682690,0.7277548710,,0.0423080000,,,,,,
715.00,,0.1160000000,,,0.0260000000,,,,,,,,,0.0170497400,,0.3289729600,0.7270975380,,0.0418040000,,,,,,
716.00,,0.1110000000,,,0.0250000000,,,,,,,,,0.0166756900,,0.3224312770,0.7198872720,,0.0392830000,,,,,,
717.00,,0.1100000000,,,0.0250000000,,,,,,,,,0.0155200600,,0.3135724410,0.7027630810,,0.0374380000,,,,,,
718.00,,0.1060000000,,,0.0230000000,,,,,,,,,0.0150427400,,0.3057809960,0.6995961160,,0.0378130000,,,,,,
719.00,,0.1040000000,,,0.0220000000,,,,,,,,,0.0146910200,,0.3019169220,0.6955910810,,0.0352070000,,,,,,
720.00,,0.1020000000,,,0.0230000000,,,,,,,,,0.0137028800,,0.2963712800,0.6867978520,,0.0344520000,,,,,,
721.00,,0.1000000000,,,0.0220000000,,,,,,,,,0.0129771200,,0.2892579730,0.6780301550,,0.0334670000,,,,,,
722.00,,0.0970000000,,,0.0220000000,,,,,,,,,0.0122234400,,0.2823312560,0.6690150780,,0.0315680000,,,,,,
723.00,,0.0960000000,,,0.0220000000,,,,,,,,,0.0121145800,,0.2780188630,0.6537141330,,0.0322020000,,,,,,
724.00,,0.0940000000,,,0.0220000000,,,,,,,,,0.0114781500,,0.2695347590,0.6544889060,,0.0302420000,,,,,,
725.00,,0.0920000000,,,0.0200000000,,,,,,,,,0.0107384300,,0.2634310550,0.6347090060,,0.0292670000,,,,,,
726.00,,0.0890000000,,,0.0200000000,,,,,,,,,0.0104788300,,0.2594684710,0.6273528920,,0.0282890000,,,,,,
727.00,,0.0870000000,,,0.0190000000,,,,,,,,,0.0101689900,,0.2522410650,0.6215533830,,0.0268490000,,,,,,
728.00,,0.0860000000,,,0.0210000000,,,,,,,,,0.0095604700,,0.2430235020,0.6155944270,,0.0272360000,,,,,,
729.00,,0.0830000000,,,0.0210000000,,,,,,,,,0.0090161510,,0.2401628820,0.6083157700,,0.0255880000,,,,,,
730.00,,0.0810000000,,,0.0220000000,,,,,,,,,0.0087733010,,0.2328282000,0.5954235340,,0.0253350000,,,,,,
731.00,,0.0790000000,,,0.0240000000,,,,,,,,,0.0082596870,,0.2262527130,0.5862945010,,0.0233940000,,,,,,
732.00,,0.0770000000,,,0.0230000000,,,,,,,,,0.0080642910,,0.2238513240,0.5820761840,,0.0232020000,,,,,,
733.00,,0.0780000000,,,0.0220000000,,,,,,,,,0.0078661030,,0.2189064690,0.5722340140,,0.0230330000,,,,,,
734.00,,0.0730000000,,,0.0220000000,,,,,,,,,0.0073217840,,0.2123097890,0.5652629990,,0.0214120000,,,,,,
735.00,,0.0750000000,,,0.0210000000,,,,,,,,,0.0070677690,,0.2064741680,0.5535828520,,0.0214700000,,,,,,
736.00,,0.0710000000,,,0.0190000000,,,,,,,,,0.0066965160,,0.2015331320,0.5459038410,,0.0205650000,,,,,,
737.00,,0.0730000000,,,0.0180000000,,,,,,,,,0.0063336370,,0.1973008450,0.5369566360,,0.0203110000,,,,,,
738.00,,0.0680000000,,,0.0180000000,,,,,,,,,0.0059623830,,0.1920243970,0.5221085230,,0.0200340000,,,,,,
739.00,,0.0670000000,,,0.0170000000,,,,,,,,,0.0056050870,,0.1865395350,0.5172995190,,0.0187940000,,,,,,
740.00,,0.0660000000,,,0.0160000000,,,,,,,,,0.0053594460,,0.1839007530,0.5087268700,,0.0186830000,,,,,,
741.00,,0.0660000000,,,0.0150000000,,,,,,,,,0.0053510720,,0.1771885310,0.5045261180,,0.0179350000,,,,,,
742.00,,0.0610000000,,,0.0150000000,,,,,,,,,0.0051835890,,0.1734689070,0.4975274840,,0.0170580000,,,,,,
743.00,,0.0630000000,,,0.0140000000,,,,,,,,,0.0048765370,,0.1698884470,0.4947384190,,0.0167190000,,,,,,
744.00,,0.0600000000,,,0.0130000000,,,,,,,,,0.0046281050,,0.1636256520,0.4865638200,,0.0154470000,,,,,,
745.00,,0.0610000000,,,0.0110000000,,,,,,,,,0.0045750690,,0.1603730350,0.4802028390,,0.0157440000,,,,,,
746.00,,0.0570000000,,,0.0110000000,,,,,,,,,0.0044801620,,0.1578686780,0.4741909230,,0.0153560000,,,,,,
747.00,,0.0560000000,,,0.0110000000,,,,,,,,,0.0039442170,,0.1553449760,0.4646828530,,0.0148540000,,,,,,
748.00,,0.0560000000,,,0.0130000000,,,,,,,,,0.0040754120,,0.1492170150,0.4574917530,,0.0140030000,,,,,,
749.00,,0.0560000000,,,,,,,,,,,,0.0037069500,,0.1473025570,0.4508092430,,0.0143880000,,,,,,
750.00,,0.0540000000,,,,,,,,,,,,0.0034724740,,0.1436938440,0.4460801310,,0.0136310000,,,,,,
751.00,,0.0510000000,,,,,,,,,,,,0.0033608190,,0.1395508760,0.4370659720,,,,,,,,
752.00,,0.0520000000,,,,,,,,,,,,0.0030593500,,0.1357276520,0.4287629310,,,,,,,,
753.00,,0.0500000000,,,,,,,,,,,,0.0031319260,,0.1331644680,0.4232640000,,,,,,,,
754.00,,0.0500000000,,,,,,,,,,,,0.0031095950,,0.1315949200,0.4156993200,,,,,,,,
755.00,,0.0480000000,,,,,,,,,,,,0.0027857950,,0.1259429700,0.4086092440,,,,,,,,
756.00,,0.0450000000,,,,,,,,,,,,0.0027467160,,0.1238920290,0.4038716260,,,,,,,,
757.00,,0.0460000000,,,,,,,,,,,,0.0024229160,,0.1207387360,0.3959454400,,,,,,,,
758.00,,0.0440000000,,,,,,,,,,,,0.0023615060,,0.1192531710,0.3916267360,,,,,,,,
759.00,,0.0430000000,,,,,,,,,,,,0.0022693900,,0.1162262710,0.3763957520,,,,,,,,
760.00,,0.0400000000,,,,,,,,,,,,0.0022693900,,0.1140408430,0.3762400100,,,,,,,,
761.00,,0.0410000000,,,,,,,,,,,,0.0021298210,,0.1130052820,0.3692381520,,,,,,,,
762.00,,0.0400000000,,,,,,,,,,,,0.0020851590,,0.1102838240,0.3648404740,,,,,,,,
763.00,,0.0400000000,,,,,,,,,,,,0.0020795770,,0.1055518490,0.3546295920,,,,,,,,
764.00,,0.0390000000,,,,,,,,,,,,0.0018562660,,0.1037578160,0.3501998190,,,,,,,,
765.00,,0.0360000000,,,,,,,,,,,,0.0019065110,,0.1005158580,0.3411397820,,,,,,,,
766.00,,0.0380000000,,,,,,,,,,,,0.0018981370,,0.1000394730,0.3353127220,,,,,,,,
767.00,,0.0370000000,,,,,,,,,,,,0.0017250720,,0.0949774320,0.3324954060,,,,,,,,
768.00,,0.0340000000,,,,,,,,,,,,0.0017083230,,0.0945800280,0.3227228480,,,,,,,,
769.00,,0.0330000000,,,,,,,,,,,,0.0016664530,,0.0947067680,0.3145035020,,,,,,,,
770.00,,0.0340000000,,,,,,,,,,,,0.0013817320,,0.0903355930,0.3101078830,,,,,,,,
771.00,,0.0330000000,,,,,,,,,,,,0.0014933870,,0.0893562470,0.3062620070,,,,,,,,
772.00,,0.0320000000,,,,,,,,,,,,0.0014012720,,0.0889915410,0.2955718510,,,,,,,,
773.00,,0.0310000000,,,,,,,,,,,,0.0012868250,,0.0852432980,0.2938682350,,,,,,,,
774.00,,0.0300000000,,,,,,,,,,,,0.0011528390,,0.0843855690,0.2863785270,,,,,,,,
775.00,,0.0290000000,,,,,,,,,,,,0.0012589110,,0.0821787420,0.2796263830,,,,,,,,
776.00,,0.0300000000,,,,,,,,,,,,0.0011695870,,0.0782240030,0.2761131040,,,,,,,,
777.00,,0.0300000000,,,,,,,,,,,,0.0011612130,,0.0790456650,0.2700649180,,,,,,,,
778.00,,0.0270000000,,,,,,,,,,,,0.0009044060,,0.0756734670,0.2642283460,,,,,,,,
779.00,,0.0260000000,,,,,,,,,,,,0.0010690980,,0.0757433140,0.2613866950,,,,,,,,
780.00,,0.0270000000,,,,,,,,,,,,0.0010021050,,0.0739506930,0.2581542280,,,,,,,,
781.00,,0.0250000000,,,,,,,,,,,,0.0009099890,,0.0735630120,0.2502919430,,,,,,,,
782.00,,0.0250000000,,,,,,,,,,,,0.0008709100,,0.0712508080,0.2467573720,,,,,,,,
783.00,,0.0260000000,,,,,,,,,,,,0.0008541620,,0.0716703900,0.2427191780,,,,,,,,
784.00,,0.0240000000,,,,,,,,,,,,0.0007145930,,0.0706842840,0.2393443970,,,,,,,,
785.00,,0.0240000000,,,,,,,,,,,,0.0008876580,,0.0684082470,0.2357662390,,,,,,,,
786.00,,0.0230000000,,,,,,,,,,,,0.0007955430,,0.0685448170,0.2288999820,,,,,,,,
787.00,,0.0220000000,,,,,,,,,,,,0.0007285500,,0.0653772940,0.2277141250,,,,,,,,
788.00,,0.0220000000,,,,,,,,,,,,0.0005722320,,0.0627876710,0.2219446560,,,,,,,,
789.00,,0.0220000000,,,,,,,,,,,,0.0008039170,,0.0627915250,0.2167048910,,,,,,,,
790.00,,0.0200000000,,,,,,,,,,,,0.0006810960,,0.0621159910,0.2162365810,,,,,,,,
791.00,,0.0210000000,,,,,,,,,,,,0.0006476000,,0.0600264080,0.2050925800,,,,,,,,
792.00,,0.0200000000,,,,,,,,,,,,0.0006420170,,0.0591701670,0.2017826390,,,,,,,,
793.00,,0.0200000000,,,,,,,,,,,,0.0005861890,,0.0583811250,0.1993857430,,,,,,,,
794.00,,0.0180000000,,,,,,,,,,,,0.0005247790,,0.0562470050,0.1978059710,,,,,,,,
795.00,,0.0170000000,,,,,,,,,,,,0.0005582760,,0.0560098550,0.1903500480,,,,,,,,
796.00,,0.0200000000,,,,,,,,,,,,0.0005778150,,0.0564036100,0.1858479900,,,,,,,,
797.00,,0.0180000000,,,,,,,,,,,,0.0004689520,,0.0541304240,0.1833824570,,,,,,,,
798.00,,0.0170000000,,,,,,,,,,,,0.0005164050,,0.0553766020,0.1798599720,,,,,,,,
799.00,,0.0160000000,,,,,,,,,,,,0.0004745340,,0.0531594450,0.1730772820,,,,,,,,
800.00,,0.0170000000,,,,,,,,,,,,0.0003963760,,0.0531534720,0.1726338600,,,,,,,,
800.94,,,,,,,,,,,,,,,,,0.1672666340,,,,,,,,
802.02,,,,,,,,,,,,,,,,,0.1611589830,,,,,,,,
802.97,,,,,,,,,,,,,,,,,0.1589450760,,,,,,,,
804.05,,,,,,,,,,,,,,,,,0.1547366520,,,,,,,,
805.00,,,,,,,,,,,,,,,,,0.1500290280,,,,,,,,
805.94,,,,,,,,,,,,,,,,,0.1468196610,,,,,,,,
807.02,,,,,,,,,,,,,,,,,0.1416846160,,,,,,,,
807.97,,,,,,,,,,,,,,,,,0.1354874860,,,,,,,,
809.05,,,,,,,,,,,,,,,,,0.1321339350,,,,,,,,
810.00,,,,,,,,,,,,,,,,,0.1277685360,,,,,,,,
810.95,,,,,,,,,,,,,,,,,0.1247715050,,,,,,,,
812.05,,,,,,,,,,,,,,,,,0.1198030260,,,,,,,,
813.01,,,,,,,,,,,,,,,,,0.1158738100,,,,,,,,
813.97,,,,,,,,,,,,,,,,,0.1100523160,,,,,,,,
815.06,,,,,,,,,,,,,,,,,0.1068793340,,,,,,,,
816.02,,,,,,,,,,,,,,,,,0.1055713530,,,,,,,,
816.98,,,,,,,,,,,,,,,,,0.1003818180,,,,,,,,
817.94,,,,,,,,,,,,,,,,,0.0983539990,,,,,,,,
819.04,,,,,,,,,,,,,,,,,0.0922218300,,,,,,,,
820.00,,,,,,,,,,,,,,,,,0.0905278400,,,,,,,,
821.00,,,,,,,,,,,,,,,,,0.0862754230,,,,,,,,
822.00,,,,,,,,,,,,,,,,,0.0820795540,,,,,,,,
823.00,,,,,,,,,,,,,,,,,0.0787327360,,,,,,,,
824.00,,,,,,,,,,,,,,,,,0.0749853570,,,,,,,,
825.00,,,,,,,,,,,,,,,,,0.0708028520,,,,,,,,
826.00,,,,,,,,,,,,,,,,,0.0674536130,,,,,,,,
827.00,,,,,,,,,,,,,,,,,0.0619375580,,,,,,,,
828.00,,,,,,,,,,,,,,,,,0.0599948950,,,,,,,,
829.00,,,,,,,,,,,,,,,,,0.0575382980,,,,,,,,
830.00,,,,,,,,,,,,,,,,,0.0519702060,,,,,,,,
831.00,,,,,,,,,,,,,,,,,0.0493837880,,,,,,,,
832.00,,,,,,,,,,,,,,,,,0.0464153550,,,,,,,,
833.00,,,,,,,,,,,,,,,,,0.0429024000,,,,,,,,
834.00,,,,,,,,,,,,,,,,,0.0402298690,,,,,,,,
835.00,,,,,,,,,,,,,,,,,0.0373496270,,,,,,,,
836.00,,,,,,,,,,,,,,,,,0.0350126540,,,,,,,,
837.00,,,,,,,,,,,,,,,,,0.0325605640,,,,,,,,
838.00,,,,,,,,,,,,,,,,,0.0291308800,,,,,,,,
839.00,,,,,,,,,,,,,,,,,0.0267293970,,,,,,,,
840.00,,,,,,,,,,,,,,,,,0.0255075170,,,,,,,,
841.00,,,,,,,,,,,,,,,,,0.0234607280,,,,,,,,
842.00,,,,,,,,,,,,,,,,,0.0215173210,,,,,,,,
843.00,,,,,,,,,,,,,,,,,0.0196062480,,,,,,,,
844.00,,,,,,,,,,,,,,,,,0.0183011030,,,,,,,,
845.00,,,,,,,,,,,,,,,,,0.0153042120,,,,,,,,
846.00,,,,,,,,,,,,,,,,,0.0134499310,,,,,,,,
847.00,,,,,,,,,,,,,,,,,0.0138608440,,,,,,,,
848.00,,,,,,,,,,,,,,,,,0.0111915930,,,,,,,,
849.00,,,,,,,,,,,,,,,,,0.0101436610,,,,,,,,
850.00,,,,,,,,,,,,,,,,,0.0102128070,,,,,,,,
851.00,,,,,,,,,,,,,,,,,0.0093973850,,,,,,,,
852.00,,,,,,,,,,,,,,,,,0.0082288130,,,,,,,,
853.00,,,,,,,,,,,,,,,,,0.0070559770,,,,,,,,
854.00,,,,,,,,,,,,,,,,,0.0061895890,,,,,,,,
855.00,,,,,,,,,,,,,,,,,0.0071692080,,,,,,,,
856.00,,,,,,,,,,,,,,,,,0.0051661030,,,,,,,,
857.00,,,,,,,,,,,,,,,,,0.0062268770,,,,,,,,
858.00,,,,,,,,,,,,,,,,,0.0059839510,,,,,,,,
859.00,,,,,,,,,,,,,,,,,0.0049517310,,,,,,,,
860.00,,,,,,,,,,,,,,,,,0.0043518400,,,,,,,,
861.00,,,,,,,,,,,,,,,,,0.0031597150,,,,,,,,
862.00,,,,,,,,,,,,,,,,,0.0045241850,,,,,,,,
863.00,,,,,,,,,,,,,,,,,0.0043752390,,,,,,,,
864.00,,,,,,,,,,,,,,,,,0.0043379520,,,,,,,,
865.00,,,,,,,,,,,,,,,,,0.0033978960,,,,,,,,
866.00,,,,,,,,,,,,,,,,,0.0034147150,,,,,,,,
867.00,,,,,,,,,,,,,,,,,0.0036718860,,,,,,,,
868.00,,,,,,,,,,,,,,,,,0.0030113500,,,,,,,,
869.00,,,,,,,,,,,,,,,,,0.0026706780,,,,,,,,
870.00,,,,,,,,,,,,,,,,,0.0022137000,,,,,,,,
871.00,,,,,,,,,,,,,,,,,0.0026908810,,,,,,,,
872.00,,,,,,,,,,,,,,,,,0.0026392700,,,,,,,,
873.00,,,,,,,,,,,,,,,,,0.0030706780,,,,,,,,
874.00,,,,,,,,,,,,,,,,,0.0013714250,,,,,,,,
875.00,,,,,,,,,,,,,,,,,0.0024901440,,,,,,,,
876.00,,,,,,,,,,,,,,,,,0.0028976660,,,,,,,,
877.00,,,,,,,,,,,,,,,,,0.0020856750,,,,,,,,
878.00,,,,,,,,,,,,,,,,,0.0021276960,,,,,,,,
879.00,,,,,,,,,,,,,,,,,0.0020798000,,,,,,,,
880.00,,,,,,,,,,,,,,,,,0.0021299430,,,,,,,,
881.00,,,,,,,,,,,,,,,,,0.0018370770,,,,,,,,
882.00,,,,,,,,,,,,,,,,,0.0024387750,,,,,,,,
883.00,,,,,,,,,,,,,,,,,0.0011395470,,,,,,,,
884.00,,,,,,,,,,,,,,,,,0.0022497780,,,,,,,,
885.00,,,,,,,,,,,,,,,,,0.0023890950,,,,,,,,
886.00,,,,,,,,,,,,,,,,,0.0019699110,,,,,,,,
887.00,,,,,,,,,,,,,,,,,0.0013568420,,,,,,,,
888.00,,,,,,,,,,,,,,,,,0.0022770980,,,,,,,,
889.00,,,,,,,,,,,,,,,,,0.0020553300,,,,,,,,
890.00,,,,,,,,,,,,,,,,,0.0019405710,,,,,,,,
891.00,,,,,,,,,,,,,,,,,0.0022003880,,,,,,,,
892.00,,,,,,,,,,,,,,,,,0.0021785090,,,,,,,,
893.00,,,,,,,,,,,,,,,,,0.0018954310,,,,,,,,
894.00,,,,,,,,,,,,,,,,,0.0020384120,,,,,,,,
895.00,,,,,,,,,,,,,,,,,0.0014657320,,,,,,,,
896.00,,,,,,,,,,,,,,,,,0.0019381900,,,,,,,,
897.00,,,,,,,,,,,,,,,,,0.0028536520,,,,,,,,
898.00,,,,,,,,,,,,,,,,,0.0011786270,,,,,,,,
899.00,,,,,,,,,,,,,,,,,0.0020849390,,,,,,,,
900.00,,,,,,,,,,,,,,,,,0.0016284550,,,,,,,,
